state,year,pop,party,n,id,state_name,perc
AK,1991,525,Republican,0,2,Alaska,0
AK,1992,572,Republican,0,2,Alaska,0
AK,1993,570,Republican,24,2,Alaska,42.10526315789473
AK,1994,592,Republican,9,2,Alaska,15.202702702702704
AK,1995,630,Republican,8,2,Alaska,12.698412698412698
AK,1996,657,Republican,9,2,Alaska,13.698630136986301
AK,1997,640,Republican,10,2,Alaska,15.625
AK,1998,641,Republican,0,2,Alaska,0
AK,1999,630,Republican,5,2,Alaska,7.936507936507936
AK,2000,620,Republican,4,2,Alaska,6.451612903225806
AK,2001,632,Republican,20,2,Alaska,31.645569620253166
AK,2002,632,Republican,7,2,Alaska,11.075949367088608
AK,2003,643,Republican,13,2,Alaska,20.21772939346812
AK,2004,648,Republican,9,2,Alaska,13.888888888888888
AK,2005,657,Republican,4,2,Alaska,6.0882800608828
AK,2006,658,Republican,6,2,Alaska,9.11854103343465
AK,2007,675,Republican,8,2,Alaska,11.851851851851851
AK,2008,672,Republican,8,2,Alaska,11.904761904761903
AK,2009,688,Republican,9,2,Alaska,13.08139534883721
AK,2010,695,Republican,7,2,Alaska,10.071942446043165
AK,2011,712,Republican,8,2,Alaska,11.235955056179774
AK,2012,702,Republican,6,2,Alaska,8.547008547008549
AK,2013,696,Republican,8,2,Alaska,11.494252873563218
AK,2014,694,Republican,6,2,Alaska,8.645533141210375
AK,2015,703,Republican,8,2,Alaska,11.379800853485065
AK,2016,708,Republican,11,2,Alaska,15.536723163841808
AK,2017,719,Republican,4,2,Alaska,5.563282336578581
AK,2018,720,Republican,7,2,Alaska,9.722222222222223
AL,1991,4178,Republican,0,1,Alabama,0
AL,1992,4226,Republican,4,1,Alabama,0.946521533364884
AL,1993,4168,Republican,5,1,Alabama,1.199616122840691
AL,1994,4299,Republican,0,1,Alabama,0
AL,1995,4396,Republican,0,1,Alabama,0
AL,1996,4258,Republican,0,1,Alabama,0
AL,1997,4243,Republican,0,1,Alabama,0
AL,1998,4190,Republican,0,1,Alabama,0
AL,1999,4388,Republican,0,1,Alabama,0
AL,2000,4376,Republican,0,1,Alabama,0
AL,2001,4378,Republican,0,1,Alabama,0
AL,2002,4432,Republican,2,1,Alabama,0.4512635379061372
AL,2003,4417,Republican,1,1,Alabama,0.22639800769753224
AL,2004,4508,Republican,3,1,Alabama,0.6654835847382431
AL,2005,4501,Republican,0,1,Alabama,0
AL,2006,4532,Republican,0,1,Alabama,0
AL,2007,4566,Republican,7,1,Alabama,1.5330705212439772
AL,2008,4716,Republican,11,1,Alabama,2.3324851569126377
AL,2009,4655,Republican,9,1,Alabama,1.933404940923738
AL,2010,4717,Republican,19,1,Alabama,4.0279838880644485
AL,2011,4765,Republican,83,1,Alabama,17.418677859391394
AL,2012,4808,Republican,6,1,Alabama,1.2479201331114809
AL,2013,4807,Republican,6,1,Alabama,1.248179737882255
AL,2014,4765,Republican,9,1,Alabama,1.888772298006296
AL,2015,4820,Republican,10,1,Alabama,2.074688796680498
AL,2016,4821,Republican,14,1,Alabama,2.903961833644472
AL,2017,4801,Republican,14,1,Alabama,2.9160591543428453
AL,2018,4877,Republican,2,1,Alabama,0.4100881689563256
AR,1991,2450,Republican,12,5,Arkansas,4.8979591836734695
AR,1992,2463,Democratic,38,5,Arkansas,15.428339423467316
AR,1993,2421,Democratic,13,5,Arkansas,5.3696819496076005
AR,1994,2414,Democratic,10,5,Arkansas,4.142502071251036
AR,1995,2532,Democratic,7,5,Arkansas,2.764612954186414
AR,1996,2606,Democratic,1,5,Arkansas,0.38372985418265543
AR,1997,2621,Democratic,0,5,Arkansas,0
AR,1998,2559,Democratic,3,5,Arkansas,1.1723329425556857
AR,1999,2616,Democratic,8,5,Arkansas,3.058103975535168
AR,2000,2650,Republican,3,5,Arkansas,1.1320754716981132
AR,2001,2650,Republican,3,5,Arkansas,1.1320754716981132
AR,2002,2690,Republican,0,5,Arkansas,0
AR,2003,2670,Republican,173,5,Arkansas,64.7940074906367
AR,2004,2723,Republican,83,5,Arkansas,30.48108703635696
AR,2005,2756,Republican,135,5,Arkansas,48.98403483309144
AR,2006,2748,Republican,113,5,Arkansas,41.12081513828239
AR,2007,2803,Republican,33,5,Arkansas,11.77310024973243
AR,2008,2822,Republican,92,5,Arkansas,32.600992204110554
AR,2009,2846,Republican,75,5,Arkansas,26.35277582572031
AR,2010,2879,Republican,64,5,Arkansas,22.229940951719346
AR,2011,2909,Republican,36,5,Arkansas,12.37538673083534
AR,2012,2909,Republican,51,5,Arkansas,17.531797868683398
AR,2013,2852,Republican,27,5,Arkansas,9.46704067321178
AR,2014,2891,Republican,11,5,Arkansas,3.804911795226565
AR,2015,2951,Republican,6,5,Arkansas,2.0332090816672315
AR,2016,2941,Republican,12,5,Arkansas,4.080244814688882
AR,2017,2921,Republican,24,5,Arkansas,8.216364258815474
AR,2018,2912,Republican,23,5,Arkansas,7.898351648351648
AZ,1991,3603,Republican,48,4,Arizona,13.322231473771858
AZ,1992,3851,Republican,172,4,Arizona,44.66372370812776
AZ,1993,4003,Republican,208,4,Arizona,51.96102922807894
AZ,1994,4223,Republican,205,4,Arizona,48.543689320388346
AZ,1995,4337,Republican,220,4,Arizona,50.72630850818538
AZ,1996,4786,Democratic,250,4,Arizona,52.23568742164647
AZ,1997,4643,Democratic,330,4,Arizona,71.07473616196425
AZ,1998,4887,Democratic,283,4,Arizona,57.90873746674852
AZ,1999,5057,Democratic,252,4,Arizona,49.831916155823606
AZ,2000,5181,Republican,281,4,Arizona,54.23663385446825
AZ,2001,5314,Republican,386,4,Arizona,72.63831388784344
AZ,2002,5424,Republican,241,4,Arizona,44.432153392330385
AZ,2003,5558,Republican,247,4,Arizona,44.44044620367039
AZ,2004,5763,Republican,225,4,Arizona,39.04216553878189
AZ,2005,6025,Republican,194,4,Arizona,32.19917012448133
AZ,2006,6256,Republican,169,4,Arizona,27.014066496163682
AZ,2007,6365,Republican,161,4,Arizona,25.294579732914375
AZ,2008,6529,Republican,185,4,Arizona,28.335120232807473
AZ,2009,6508,Republican,219,4,Arizona,33.650891210817456
AZ,2010,6426,Republican,236,4,Arizona,36.725801431683784
AZ,2011,6547,Republican,193,4,Arizona,29.479150756071483
AZ,2012,6642,Republican,176,4,Arizona,26.498042758205358
AZ,2013,6532,Republican,201,4,Arizona,30.77158603796693
AZ,2014,6657,Republican,265,4,Arizona,39.80772119573381
AZ,2015,6728,Republican,276,4,Arizona,41.02259215219976
AZ,2016,6878,Republican,217,4,Arizona,31.549869148008142
AZ,2017,6981,Republican,264,4,Arizona,37.81693167168027
AZ,2018,7241,Republican,169,4,Arizona,23.33931777378815
CA,1991,30735,Republican,5,6,California,0.16268098259313488
CA,1992,31701,Democratic,77,6,California,2.4289454591337813
CA,1993,31970,Democratic,364,6,California,11.3856740694401
CA,1994,31669,Democratic,354,6,California,11.178123717199785
CA,1995,32055,Democratic,1751,6,California,54.62486351583217
CA,1996,32305,Democratic,2052,6,California,63.51957901253676
CA,1997,32877,Democratic,1831,6,California,55.69242935790979
CA,1998,33292,Democratic,1749,6,California,52.53514357803677
CA,1999,33705,Democratic,1949,6,California,57.82524847945409
CA,2000,33889,Democratic,1943,6,California,57.33423824839919
CA,2001,34394,Democratic,2246,6,California,65.30208757341397
CA,2002,35068,Democratic,1648,6,California,46.994410858902704
CA,2003,35309,Democratic,1472,6,California,41.68908776799116
CA,2004,35772,Democratic,1393,6,California,38.9410712288941
CA,2005,35840,Democratic,1380,6,California,38.504464285714285
CA,2006,36160,Democratic,1297,6,California,35.86836283185841
CA,2007,36247,Democratic,1400,6,California,38.623886114712946
CA,2008,36637,Democratic,1382,6,California,37.721429156317384
CA,2009,36742,Democratic,1018,6,California,27.70671166512438
CA,2010,37240,Democratic,1092,6,California,29.32330827067669
CA,2011,37592,Democratic,1040,6,California,27.665460736326878
CA,2012,37912,Democratic,910,6,California,24.002954209748893
CA,2013,38207,Democratic,842,6,California,22.037846467924727
CA,2014,38666,Democratic,759,6,California,19.62964878704805
CA,2015,39081,Democratic,837,6,California,21.417056881860752
CA,2016,39143,Democratic,931,6,California,23.784584727792964
CA,2017,39247,Democratic,1094,6,California,27.874742018498228
CA,2018,39150,Democratic,1075,6,California,27.458492975734355
CO,1991,3319,Republican,128,8,Colorado,38.56583308225369
CO,1992,3478,Democratic,261,8,Colorado,75.04312823461758
CO,1993,3564,Democratic,178,8,Colorado,49.943883277216614
CO,1994,3736,Democratic,174,8,Colorado,46.573875802997854
CO,1995,3793,Democratic,149,8,Colorado,39.282889533350904
CO,1996,3869,Republican,133,8,Colorado,34.37580770224864
CO,1997,3921,Republican,115,8,Colorado,29.32925274164754
CO,1998,3966,Republican,131,8,Colorado,33.03076147251639
CO,1999,4319,Republican,155,8,Colorado,35.88793702245891
CO,2000,4334,Republican,101,8,Colorado,23.30410706045224
CO,2001,4402,Republican,126,8,Colorado,28.62335302135393
CO,2002,4470,Republican,96,8,Colorado,21.47651006711409
CO,2003,4478,Republican,86,8,Colorado,19.205002233139794
CO,2004,4517,Republican,60,8,Colorado,13.283152534868275
CO,2005,4629,Republican,125,8,Colorado,27.003672499459928
CO,2006,4797,Republican,140,8,Colorado,29.18490723368772
CO,2007,4872,Republican,158,8,Colorado,32.43021346469622
CO,2008,4908,Democratic,164,8,Colorado,33.41483292583537
CO,2009,4969,Democratic,208,8,Colorado,41.85952908029785
CO,2010,4995,Democratic,154,8,Colorado,30.83083083083083
CO,2011,5016,Democratic,186,8,Colorado,37.08133971291866
CO,2012,5153,Democratic,189,8,Colorado,36.67766349699205
CO,2013,5303,Democratic,129,8,Colorado,24.32585329059023
CO,2014,5376,Democratic,94,8,Colorado,17.485119047619047
CO,2015,5420,Democratic,107,8,Colorado,19.74169741697417
CO,2016,5502,Democratic,105,8,Colorado,19.083969465648856
CO,2017,5527,Democratic,77,8,Colorado,13.931608467523068
CO,2018,5739,Democratic,95,8,Colorado,16.553406516814775
CT,1991,3341,Republican,69,9,Connecticut,20.652499251721043
CT,1992,3272,Democratic,63,9,Connecticut,19.254278728606355
CT,1993,3259,Democratic,116,9,Connecticut,35.59374041116907
CT,1994,3192,Democratic,68,9,Connecticut,21.303258145363408
CT,1995,3276,Democratic,87,9,Connecticut,26.556776556776555
CT,1996,3341,Democratic,114,9,Connecticut,34.12152050284346
CT,1997,3296,Democratic,113,9,Connecticut,34.28398058252427
CT,1998,3275,Democratic,111,9,Connecticut,33.89312977099237
CT,1999,3418,Democratic,138,9,Connecticut,40.374488004681105
CT,2000,3365,Democratic,156,9,Connecticut,46.35958395245171
CT,2001,3385,Democratic,171,9,Connecticut,50.51698670605613
CT,2002,3377,Democratic,140,9,Connecticut,41.4569144210838
CT,2003,3417,Democratic,147,9,Connecticut,43.02019315188762
CT,2004,3487,Democratic,120,9,Connecticut,34.41353599082306
CT,2005,3483,Democratic,103,9,Connecticut,29.57220786678151
CT,2006,3457,Democratic,127,9,Connecticut,36.73705525021695
CT,2007,3471,Democratic,144,9,Connecticut,41.48660328435609
CT,2008,3433,Democratic,179,9,Connecticut,52.14098456160792
CT,2009,3472,Democratic,200,9,Connecticut,57.6036866359447
CT,2010,3541,Democratic,147,9,Connecticut,41.51369669584863
CT,2011,3514,Democratic,142,9,Connecticut,40.409789413773474
CT,2012,3517,Democratic,149,9,Connecticut,42.365652544782485
CT,2013,3637,Democratic,144,9,Connecticut,39.59307121253781
CT,2014,3577,Democratic,125,9,Connecticut,34.9454850433324
CT,2015,3572,Democratic,93,9,Connecticut,26.03583426651736
CT,2016,3567,Democratic,108,9,Connecticut,30.27754415475189
CT,2017,3553,Democratic,110,9,Connecticut,30.959752321981423
CT,2018,3413,Democratic,82,9,Connecticut,24.025783767946088
DE,1991,709,Republican,29,10,Delaware,40.90267983074753
DE,1992,709,Democratic,47,10,Delaware,66.29055007052186
DE,1993,711,Democratic,33,10,Delaware,46.413502109704645
DE,1994,681,Democratic,42,10,Delaware,61.67400881057269
DE,1995,713,Democratic,45,10,Delaware,63.113604488078536
DE,1996,732,Democratic,67,10,Delaware,91.53005464480874
DE,1997,749,Democratic,58,10,Delaware,77.4365821094793
DE,1998,781,Democratic,19,10,Delaware,24.327784891165173
DE,1999,768,Democratic,37,10,Delaware,48.177083333333336
DE,2000,777,Democratic,34,10,Delaware,43.758043758043755
DE,2001,790,Democratic,17,10,Delaware,21.518987341772153
DE,2002,796,Democratic,13,10,Delaware,16.331658291457288
DE,2003,818,Democratic,20,10,Delaware,24.44987775061125
DE,2004,825,Democratic,37,10,Delaware,44.848484848484844
DE,2005,842,Democratic,49,10,Delaware,58.19477434679335
DE,2006,858,Democratic,49,10,Delaware,57.10955710955711
DE,2007,861,Democratic,49,10,Delaware,56.91056910569105
DE,2008,861,Democratic,62,10,Delaware,72.00929152148665
DE,2009,883,Democratic,37,10,Delaware,41.90260475651189
DE,2010,890,Democratic,20,10,Delaware,22.47191011235955
DE,2011,902,Democratic,16,10,Delaware,17.738359201773836
DE,2012,900,Democratic,10,10,Delaware,11.11111111111111
DE,2013,912,Democratic,13,10,Delaware,14.254385964912279
DE,2014,929,Democratic,13,10,Delaware,13.993541442411194
DE,2015,958,Democratic,11,10,Delaware,11.482254697286013
DE,2016,947,Democratic,15,10,Delaware,15.83949313621964
DE,2017,967,Democratic,29,10,Delaware,29.989658738366078
DE,2018,976,Democratic,21,10,Delaware,21.51639344262295
FL,1991,13412,Republican,0,12,Florida,0
FL,1992,13714,Republican,333,12,Florida,24.281755869913955
FL,1993,14118,Republican,239,12,Florida,16.928743448080464
FL,1994,14258,Republican,214,12,Florida,15.009117688315332
FL,1995,14306,Republican,164,12,Florida,11.463721515448064
FL,1996,14343,Democratic,187,12,Florida,13.037718747821238
FL,1997,14354,Democratic,127,12,Florida,8.84770795597046
FL,1998,14629,Democratic,179,12,Florida,12.23596964932668
FL,1999,15566,Democratic,267,12,Florida,17.152768855197223
FL,2000,15991,Republican,240,12,Florida,15.008442248764931
FL,2001,16316,Republican,302,12,Florida,18.50943858788919
FL,2002,16391,Republican,257,12,Florida,15.679336221096944
FL,2003,16884,Republican,231,12,Florida,13.681592039800995
FL,2004,17419,Republican,274,12,Florida,15.729950054538147
FL,2005,17845,Republican,231,12,Florida,12.944802465676661
FL,2006,18029,Republican,216,12,Florida,11.980697764712408
FL,2007,18044,Republican,166,12,Florida,9.199733983595655
FL,2008,18022,Democratic,153,12,Florida,8.489623793141716
FL,2009,18385,Democratic,130,12,Florida,7.070981778623879
FL,2010,18759,Democratic,136,12,Florida,7.249853403699558
FL,2011,18986,Democratic,123,12,Florida,6.478457811018646
FL,2012,19166,Democratic,144,12,Florida,7.513304810602108
FL,2013,19462,Democratic,119,12,Florida,6.114479498509916
FL,2014,19694,Democratic,65,12,Florida,3.300497613486341
FL,2015,20071,Democratic,72,12,Florida,3.5872652085097902
FL,2016,20524,Republican,110,12,Florida,5.359579029428962
FL,2017,20909,Republican,145,12,Florida,6.934812760055479
FL,2018,21117,Republican,143,12,Florida,6.771795236065729
GA,1991,6265,Republican,23,13,Georgia,3.671189146049481
GA,1992,6664,Democratic,66,13,Georgia,9.903961584633853
GA,1993,6825,Democratic,75,13,Georgia,10.989010989010989
GA,1994,7220,Democratic,51,13,Georgia,7.06371191135734
GA,1995,7262,Democratic,49,13,Georgia,6.747452492426329
GA,1996,7390,Republican,28,13,Georgia,3.7889039242219216
GA,1997,7631,Republican,45,13,Georgia,5.896999082689032
GA,1998,7634,Republican,34,13,Georgia,4.453759496987163
GA,1999,7877,Republican,36,13,Georgia,4.570267868477847
GA,2000,8112,Republican,35,13,Georgia,4.314595660749507
GA,2001,8261,Republican,39,13,Georgia,4.720978089819634
GA,2002,8413,Republican,31,13,Georgia,3.6847735647212647
GA,2003,8559,Republican,23,13,Georgia,2.687229816567356
GA,2004,8700,Republican,29,13,Georgia,3.3333333333333335
GA,2005,9014,Republican,17,13,Georgia,1.8859551808298203
GA,2006,9334,Republican,13,13,Georgia,1.392757660167131
GA,2007,9486,Republican,13,13,Georgia,1.3704406493780308
GA,2008,9541,Republican,12,13,Georgia,1.2577297977151243
GA,2009,9657,Republican,11,13,Georgia,1.139070104587346
GA,2010,9650,Republican,17,13,Georgia,1.761658031088083
GA,2011,9681,Republican,17,13,Georgia,1.7560169403987191
GA,2012,9665,Republican,21,13,Georgia,2.1727884117951373
GA,2013,9848,Republican,57,13,Georgia,5.787977254264825
GA,2014,9948,Republican,41,13,Georgia,4.121431443506233
GA,2015,10100,Republican,44,13,Georgia,4.356435643564357
GA,2016,10270,Republican,39,13,Georgia,3.7974683544303796
GA,2017,10231,Republican,27,13,Georgia,2.6390382171830713
GA,2018,10423,Republican,37,13,Georgia,3.5498416962486807
HI,1991,1164,Democratic,0,15,Hawaii,0
HI,1992,1187,Democratic,0,15,Hawaii,0
HI,1993,1135,Democratic,0,15,Hawaii,0
HI,1994,1106,Democratic,0,15,Hawaii,0
HI,1995,1187,Democratic,0,15,Hawaii,0
HI,1996,1172,Democratic,0,15,Hawaii,0
HI,1997,1182,Democratic,0,15,Hawaii,0
HI,1998,1201,Democratic,0,15,Hawaii,0
HI,1999,1225,Democratic,0,15,Hawaii,0
HI,2000,1195,Democratic,0,15,Hawaii,0
HI,2001,1205,Democratic,0,15,Hawaii,0
HI,2002,1219,Democratic,0,15,Hawaii,0
HI,2003,1250,Democratic,0,15,Hawaii,0
HI,2004,1244,Democratic,0,15,Hawaii,0
HI,2005,1274,Democratic,0,15,Hawaii,0
HI,2006,1254,Democratic,0,15,Hawaii,0
HI,2007,1264,Democratic,0,15,Hawaii,0
HI,2008,1255,Democratic,0,15,Hawaii,0
HI,2009,1250,Democratic,0,15,Hawaii,0
HI,2010,1311,Democratic,0,15,Hawaii,0
HI,2011,1337,Democratic,0,15,Hawaii,0
HI,2012,1356,Democratic,0,15,Hawaii,0
HI,2013,1338,Democratic,0,15,Hawaii,0
HI,2014,1365,Democratic,0,15,Hawaii,0
HI,2015,1382,Democratic,0,15,Hawaii,0
HI,2016,1392,Democratic,0,15,Hawaii,0
HI,2017,1402,Democratic,0,15,Hawaii,0
HI,2018,1393,Democratic,44,15,Hawaii,31.58650394831299
IA,1991,2821,Democratic,89,19,Iowa,31.549096065225093
IA,1992,2846,Democratic,36,19,Iowa,12.649332396345748
IA,1993,2809,Democratic,39,19,Iowa,13.883944464222143
IA,1994,2815,Democratic,61,19,Iowa,21.669626998223798
IA,1995,2894,Democratic,29,19,Iowa,10.020732550103663
IA,1996,2898,Democratic,43,19,Iowa,14.837819185645271
IA,1997,2820,Democratic,55,19,Iowa,19.50354609929078
IA,1998,2834,Democratic,42,19,Iowa,14.820042342978123
IA,1999,2856,Democratic,31,19,Iowa,10.854341736694677
IA,2000,2858,Democratic,34,19,Iowa,11.896431070678798
IA,2001,2858,Democratic,32,19,Iowa,11.19664100769769
IA,2002,2899,Democratic,47,19,Iowa,16.212487064505
IA,2003,2916,Democratic,38,19,Iowa,13.031550068587105
IA,2004,2901,Republican,27,19,Iowa,9.307135470527404
IA,2005,2902,Republican,31,19,Iowa,10.682288077188147
IA,2006,2913,Republican,29,19,Iowa,9.955372468245795
IA,2007,2965,Republican,28,19,Iowa,9.443507588532885
IA,2008,2986,Democratic,33,19,Iowa,11.051574012056262
IA,2009,2987,Democratic,17,19,Iowa,5.691329092735186
IA,2010,2977,Democratic,17,19,Iowa,5.710446758481694
IA,2011,3027,Democratic,15,19,Iowa,4.955401387512389
IA,2012,3010,Democratic,8,19,Iowa,2.6578073089700998
IA,2013,3076,Democratic,10,19,Iowa,3.250975292587776
IA,2014,3078,Democratic,11,19,Iowa,3.5737491877842755
IA,2015,3100,Democratic,6,19,Iowa,1.935483870967742
IA,2016,3099,Republican,17,19,Iowa,5.485640529202969
IA,2017,3053,Republican,10,19,Iowa,3.275466754012447
IA,2018,3110,Republican,15,19,Iowa,4.82315112540193
ID,1991,1035,Republican,33,16,Idaho,31.884057971014492
ID,1992,1095,Republican,54,16,Idaho,49.31506849315068
ID,1993,1145,Republican,70,16,Idaho,61.135371179039296
ID,1994,1138,Republican,80,16,Idaho,70.29876977152901
ID,1995,1154,Republican,114,16,Idaho,98.78682842287695
ID,1996,1185,Republican,72,16,Idaho,60.75949367088607
ID,1997,1251,Republican,46,16,Idaho,36.77058353317346
ID,1998,1273,Republican,56,16,Idaho,43.99057344854674
ID,1999,1240,Republican,34,16,Idaho,27.41935483870968
ID,2000,1289,Republican,46,16,Idaho,35.6865787432118
ID,2001,1314,Republican,34,16,Idaho,25.8751902587519
ID,2002,1296,Republican,43,16,Idaho,33.17901234567901
ID,2003,1356,Republican,20,16,Idaho,14.749262536873156
ID,2004,1372,Republican,37,16,Idaho,26.96793002915452
ID,2005,1441,Republican,28,16,Idaho,19.43095072866065
ID,2006,1472,Republican,22,16,Idaho,14.945652173913045
ID,2007,1501,Republican,38,16,Idaho,25.31645569620253
ID,2008,1515,Republican,30,16,Idaho,19.801980198019802
ID,2009,1524,Republican,35,16,Idaho,22.965879265091864
ID,2010,1543,Republican,28,16,Idaho,18.14646791963707
ID,2011,1574,Republican,37,16,Idaho,23.506988564167727
ID,2012,1588,Republican,35,16,Idaho,22.04030226700252
ID,2013,1610,Republican,32,16,Idaho,19.87577639751553
ID,2014,1606,Republican,26,16,Idaho,16.1892901618929
ID,2015,1657,Republican,34,16,Idaho,20.51901025950513
ID,2016,1679,Republican,27,16,Idaho,16.081000595592617
ID,2017,1730,Republican,43,16,Idaho,24.85549132947977
ID,2018,1766,Republican,24,16,Idaho,13.590033975084937
IL,1991,11800,Republican,156,17,Illinois,13.220338983050848
IL,1992,11892,Democratic,267,17,Illinois,22.45206861755802
IL,1993,11725,Democratic,745,17,Illinois,63.53944562899787
IL,1994,11808,Democratic,239,17,Illinois,20.240514905149052
IL,1995,11761,Democratic,146,17,Illinois,12.413910381770258
IL,1996,11810,Democratic,348,17,Illinois,29.46655376799323
IL,1997,12065,Democratic,339,17,Illinois,28.09780356402818
IL,1998,12255,Democratic,277,17,Illinois,22.603019175846594
IL,1999,12248,Democratic,247,17,Illinois,20.16655780535598
IL,2000,12269,Democratic,183,17,Illinois,14.91564104654006
IL,2001,12314,Democratic,282,17,Illinois,22.900763358778626
IL,2002,12495,Democratic,158,17,Illinois,12.645058023209284
IL,2003,12616,Democratic,208,17,Illinois,16.487000634115407
IL,2004,12563,Democratic,188,17,Illinois,14.964578524237842
IL,2005,12571,Democratic,168,17,Illinois,13.364091957680376
IL,2006,12633,Democratic,156,17,Illinois,12.348610781287105
IL,2007,12680,Democratic,167,17,Illinois,13.170347003154575
IL,2008,12687,Democratic,120,17,Illinois,9.458500827618822
IL,2009,12759,Democratic,129,17,Illinois,10.1105102280743
IL,2010,12784,Democratic,94,17,Illinois,7.352941176470588
IL,2011,12697,Democratic,69,17,Illinois,5.4343545719461295
IL,2012,12727,Democratic,85,17,Illinois,6.678714543883083
IL,2013,12654,Democratic,107,17,Illinois,8.455824245297931
IL,2014,12774,Democratic,109,17,Illinois,8.532957570064193
IL,2015,12683,Democratic,90,17,Illinois,7.09611290704092
IL,2016,12583,Democratic,111,17,Illinois,8.821425733132005
IL,2017,12597,Democratic,85,17,Illinois,6.747638326585696
IL,2018,12589,Democratic,108,17,Illinois,8.578918103105886
IN,1991,5533,Republican,0,18,Indiana,0
IN,1992,5622,Republican,20,18,Indiana,3.5574528637495555
IN,1993,5751,Republican,82,18,Indiana,14.258389845244304
IN,1994,5967,Republican,32,18,Indiana,5.362828892240657
IN,1995,5673,Republican,35,18,Indiana,6.169575180680416
IN,1996,5681,Republican,36,18,Indiana,6.336912515402218
IN,1997,5849,Republican,62,18,Indiana,10.600102581637888
IN,1998,5830,Republican,50,18,Indiana,8.576329331046313
IN,1999,5914,Republican,112,18,Indiana,18.938112952316537
IN,2000,6007,Republican,114,18,Indiana,18.977859164308306
IN,2001,6030,Republican,139,18,Indiana,23.0514096185738
IN,2002,6086,Republican,78,18,Indiana,12.816299704239238
IN,2003,6130,Republican,65,18,Indiana,10.603588907014682
IN,2004,6121,Republican,82,18,Indiana,13.396503839241955
IN,2005,6131,Republican,54,18,Indiana,8.807698580981896
IN,2006,6334,Republican,40,18,Indiana,6.315124723713294
IN,2007,6258,Republican,41,18,Indiana,6.55161393416427
IN,2008,6288,Democratic,61,18,Indiana,9.701017811704835
IN,2009,6342,Democratic,55,18,Indiana,8.672343109429203
IN,2010,6390,Democratic,94,18,Indiana,14.710485133020343
IN,2011,6344,Democratic,101,18,Indiana,15.920554854981086
IN,2012,6343,Republican,37,18,Indiana,5.833201954910925
IN,2013,6557,Republican,75,18,Indiana,11.438157694067408
IN,2014,6470,Republican,51,18,Indiana,7.882534775888718
IN,2015,6502,Republican,63,18,Indiana,9.689326361119655
IN,2016,6493,Republican,79,18,Indiana,12.166949022023717
IN,2017,6532,Republican,97,18,Indiana,14.84996938150643
IN,2018,6582,Republican,101,18,Indiana,15.34487997569128
KS,1991,2580,Republican,6,20,Kansas,2.3255813953488373
KS,1992,2510,Republican,3,20,Kansas,1.195219123505976
KS,1993,2496,Republican,0,20,Kansas,0
KS,1994,2522,Republican,0,20,Kansas,0
KS,1995,2535,Republican,0,20,Kansas,0
KS,1996,2569,Republican,28,20,Kansas,10.899182561307901
KS,1997,2583,Republican,55,20,Kansas,21.293070073557878
KS,1998,2615,Republican,54,20,Kansas,20.650095602294453
KS,1999,2605,Republican,41,20,Kansas,15.738963531669866
KS,2000,2649,Republican,75,20,Kansas,28.312570781426952
KS,2001,2635,Republican,82,20,Kansas,31.119544592030362
KS,2002,2681,Republican,56,20,Kansas,20.887728459530027
KS,2003,2676,Republican,49,20,Kansas,18.310911808669655
KS,2004,2669,Republican,49,20,Kansas,18.358935931060323
KS,2005,2693,Republican,73,20,Kansas,27.107315261789825
KS,2006,2719,Republican,111,20,Kansas,40.82383229128356
KS,2007,2720,Republican,111,20,Kansas,40.80882352941177
KS,2008,2716,Republican,115,20,Kansas,42.34167893961708
KS,2009,2737,Republican,122,20,Kansas,44.574351479722324
KS,2010,2766,Republican,58,20,Kansas,20.968908170643527
KS,2011,2807,Republican,69,20,Kansas,24.58140363377271
KS,2012,2828,Republican,84,20,Kansas,29.7029702970297
KS,2013,2760,Republican,68,20,Kansas,24.637681159420293
KS,2014,2851,Republican,75,20,Kansas,26.30655910206945
KS,2015,2849,Republican,62,20,Kansas,21.76202176202176
KS,2016,2859,Republican,52,20,Kansas,18.18817768450507
KS,2017,2868,Republican,77,20,Kansas,26.84797768479777
KS,2018,2835,Republican,74,20,Kansas,26.102292768959437
KY,1991,3640,Republican,0,21,Kentucky,0
KY,1992,3720,Democratic,5,21,Kentucky,1.3440860215053765
KY,1993,3740,Democratic,13,21,Kentucky,3.4759358288770055
KY,1994,3843,Democratic,4,21,Kentucky,1.0408534998698933
KY,1995,3876,Democratic,81,21,Kentucky,20.89783281733746
KY,1996,3877,Democratic,109,21,Kentucky,28.114521537271084
KY,1997,3913,Democratic,48,21,Kentucky,12.266802964477383
KY,1998,3860,Democratic,48,21,Kentucky,12.435233160621761
KY,1999,3859,Democratic,71,21,Kentucky,18.398548846851515
KY,2000,3995,Republican,76,21,Kentucky,19.023779724655817
KY,2001,3989,Republican,83,21,Kentucky,20.80721985460015
KY,2002,4033,Republican,79,21,Kentucky,19.588395735184726
KY,2003,4100,Republican,81,21,Kentucky,19.75609756097561
KY,2004,4068,Republican,71,21,Kentucky,17.453294001966565
KY,2005,4049,Republican,46,21,Kentucky,11.360829834527044
KY,2006,4106,Republican,66,21,Kentucky,16.07403799318071
KY,2007,4202,Republican,49,21,Kentucky,11.661113755354593
KY,2008,4246,Republican,79,21,Kentucky,18.605746585021198
KY,2009,4276,Republican,153,21,Kentucky,35.78110383536015
KY,2010,4270,Republican,173,21,Kentucky,40.5152224824356
KY,2011,4302,Republican,157,21,Kentucky,36.49465364946536
KY,2012,4342,Republican,204,21,Kentucky,46.98295716259788
KY,2013,4501,Republican,172,21,Kentucky,38.21373028215952
KY,2014,4299,Republican,165,21,Kentucky,38.38101884159107
KY,2015,4365,Republican,188,21,Kentucky,43.069873997709045
KY,2016,4383,Republican,214,21,Kentucky,48.8250057038558
KY,2017,4395,Republican,380,21,Kentucky,86.46188850967009
KY,2018,4445,Republican,243,21,Kentucky,54.6681664791901
LA,1991,4185,Republican,0,22,Louisiana,0
LA,1992,4256,Democratic,13,22,Louisiana,3.0545112781954886
LA,1993,4246,Democratic,23,22,Louisiana,5.416862929816298
LA,1994,4351,Democratic,9,22,Louisiana,2.068490002298322
LA,1995,4306,Democratic,7,22,Louisiana,1.625638643752903
LA,1996,4263,Democratic,6,22,Louisiana,1.4074595355383532
LA,1997,4241,Democratic,4,22,Louisiana,0.9431737797689225
LA,1998,4305,Democratic,10,22,Louisiana,2.3228803716608595
LA,1999,4289,Democratic,6,22,Louisiana,1.3989274889251575
LA,2000,4354,Republican,12,22,Louisiana,2.756086357372531
LA,2001,4372,Republican,10,22,Louisiana,2.2872827081427265
LA,2002,4445,Republican,15,22,Louisiana,3.374578177727784
LA,2003,4422,Republican,6,22,Louisiana,1.3568521031207597
LA,2004,4419,Republican,24,22,Louisiana,5.431093007467752
LA,2005,4086,Republican,17,22,Louisiana,4.16054821341165
LA,2006,4206,Republican,22,22,Louisiana,5.230622919638612
LA,2007,4186,Republican,31,22,Louisiana,7.405637840420449
LA,2008,4326,Republican,67,22,Louisiana,15.487748497457236
LA,2009,4450,Republican,13,22,Louisiana,2.9213483146067416
LA,2010,4418,Republican,13,22,Louisiana,2.942507922136713
LA,2011,4494,Republican,5,22,Louisiana,1.1125945705384956
LA,2012,4465,Republican,4,22,Louisiana,0.8958566629339306
LA,2013,4534,Republican,24,22,Louisiana,5.2933392148213505
LA,2014,4550,Republican,9,22,Louisiana,1.978021978021978
LA,2015,4599,Republican,40,22,Louisiana,8.697542944118286
LA,2016,4573,Republican,26,22,Louisiana,5.685545593702165
LA,2017,4535,Republican,42,22,Louisiana,9.26130099228225
LA,2018,4510,Republican,47,22,Louisiana,10.42128603104213
MA,1991,5803,Democratic,200,25,Massachusetts,34.46493193175944
MA,1992,5843,Democratic,424,25,Massachusetts,72.5654629471162
MA,1993,5991,Democratic,343,25,Massachusetts,57.25254548489401
MA,1994,6005,Democratic,0,25,Massachusetts,0
MA,1995,6065,Democratic,333,25,Massachusetts,54.90519373454246
MA,1996,6150,Democratic,456,25,Massachusetts,74.14634146341463
MA,1997,5991,Democratic,444,25,Massachusetts,74.1111667501252
MA,1998,6100,Democratic,443,25,Massachusetts,72.62295081967213
MA,1999,6262,Democratic,448,25,Massachusetts,71.54263813478121
MA,2000,6284,Democratic,470,25,Massachusetts,74.79312539783578
MA,2001,6302,Democratic,591,25,Massachusetts,93.77975245953665
MA,2002,6469,Democratic,427,25,Massachusetts,66.00711083629618
MA,2003,6357,Democratic,401,25,Massachusetts,63.08006921503854
MA,2004,6363,Democratic,358,25,Massachusetts,56.26276913405626
MA,2005,6318,Democratic,374,25,Massachusetts,59.19594808483698
MA,2006,6324,Democratic,384,25,Massachusetts,60.72106261859582
MA,2007,6336,Democratic,353,25,Massachusetts,55.71338383838384
MA,2008,6420,Democratic,336,25,Massachusetts,52.33644859813084
MA,2009,6623,Democratic,317,25,Massachusetts,47.86350596406462
MA,2010,6532,Democratic,316,25,Massachusetts,48.37721984078383
MA,2011,6514,Democratic,368,25,Massachusetts,56.493705864292295
MA,2012,6566,Democratic,290,25,Massachusetts,44.1669204995431
MA,2013,6735,Democratic,351,25,Massachusetts,52.11581291759466
MA,2014,6653,Democratic,376,25,Massachusetts,56.51585750789118
MA,2015,6777,Democratic,416,25,Massachusetts,61.384093256603215
MA,2016,6775,Democratic,399,25,Massachusetts,58.8929889298893
MA,2017,6784,Democratic,432,25,Massachusetts,63.679245283018865
MA,2018,6883,Democratic,352,25,Massachusetts,51.14049106494261
MD,1991,4767,Republican,431,24,Maryland,90.41325781413887
MD,1992,4946,Democratic,492,24,Maryland,99.47432268499797
MD,1993,4925,Democratic,405,24,Maryland,82.23350253807106
MD,1994,5045,Democratic,331,24,Maryland,65.60951437066402
MD,1995,5133,Democratic,353,24,Maryland,68.77069939606469
MD,1996,5085,Democratic,387,24,Maryland,76.10619469026548
MD,1997,5043,Democratic,323,24,Maryland,64.04917707713663
MD,1998,5014,Democratic,282,24,Maryland,56.24252094136418
MD,1999,5049,Democratic,230,24,Maryland,45.55357496533967
MD,2000,5241,Democratic,218,24,Maryland,41.5951154359855
MD,2001,5318,Democratic,240,24,Maryland,45.12974802557353
MD,2002,5419,Democratic,217,24,Maryland,40.044288614135446
MD,2003,5485,Democratic,248,24,Maryland,45.21422060164084
MD,2004,5539,Democratic,245,24,Maryland,44.231810796172596
MD,2005,5560,Democratic,195,24,Maryland,35.07194244604316
MD,2006,5607,Democratic,212,24,Maryland,37.80988050650972
MD,2007,5560,Democratic,151,24,Maryland,27.158273381294965
MD,2008,5528,Democratic,100,24,Maryland,18.08972503617945
MD,2009,5662,Democratic,102,24,Maryland,18.014835747085833
MD,2010,5786,Democratic,80,24,Maryland,13.8264777048047
MD,2011,5806,Democratic,49,24,Maryland,8.43954529796762
MD,2012,5892,Democratic,35,24,Maryland,5.940257976917855
MD,2013,5946,Democratic,51,24,Maryland,8.577194752774973
MD,2014,5934,Democratic,16,24,Maryland,2.696326255476913
MD,2015,5892,Democratic,41,24,Maryland,6.958587915818058
MD,2016,5930,Democratic,39,24,Maryland,6.57672849915683
MD,2017,5977,Democratic,102,24,Maryland,17.065417433495064
MD,2018,6030,Democratic,51,24,Maryland,8.457711442786069
ME,1991,1213,Republican,0,23,Maine,0
ME,1992,1239,Democratic,19,23,Maine,15.334947538337369
ME,1993,1276,Democratic,32,23,Maine,25.078369905956112
ME,1994,1201,Democratic,7,23,Maine,5.828476269775187
ME,1995,1225,Democratic,75,23,Maine,61.224489795918366
ME,1996,1203,Democratic,58,23,Maine,48.21280133000831
ME,1997,1222,Democratic,57,23,Maine,46.64484451718494
ME,1998,1263,Democratic,57,23,Maine,45.13064133016627
ME,1999,1260,Democratic,22,23,Maine,17.460317460317462
ME,2000,1267,Democratic,28,23,Maine,22.099447513812155
ME,2001,1277,Democratic,32,23,Maine,25.05873140172279
ME,2002,1265,Democratic,36,23,Maine,28.458498023715414
ME,2003,1279,Democratic,77,23,Maine,60.203283815480845
ME,2004,1290,Democratic,68,23,Maine,52.713178294573645
ME,2005,1314,Democratic,57,23,Maine,43.37899543378995
ME,2006,1313,Democratic,57,23,Maine,43.41203351104341
ME,2007,1312,Democratic,72,23,Maine,54.8780487804878
ME,2008,1317,Democratic,63,23,Maine,47.83599088838269
ME,2009,1297,Democratic,50,23,Maine,38.55050115651504
ME,2010,1298,Democratic,61,23,Maine,46.99537750385208
ME,2011,1328,Democratic,55,23,Maine,41.415662650602414
ME,2012,1330,Democratic,52,23,Maine,39.097744360902254
ME,2013,1330,Democratic,25,23,Maine,18.796992481203006
ME,2014,1300,Democratic,28,23,Maine,21.538461538461537
ME,2015,1340,Democratic,38,23,Maine,28.358208955223883
ME,2016,1317,Democratic,41,23,Maine,31.131359149582387
ME,2017,1315,Democratic,32,23,Maine,24.334600760456272
ME,2018,1321,Democratic,20,23,Maine,15.14004542013626
MI,1991,9263,Republican,0,26,Michigan,0
MI,1992,9322,Democratic,122,26,Michigan,13.087320317528427
MI,1993,9560,Democratic,248,26,Michigan,25.94142259414226
MI,1994,9519,Democratic,252,26,Michigan,26.47336905137094
MI,1995,9637,Democratic,407,26,Michigan,42.23306008093805
MI,1996,9572,Democratic,514,26,Michigan,53.69828666945257
MI,1997,9783,Democratic,463,26,Michigan,47.32699580905653
MI,1998,10012,Democratic,392,26,Michigan,39.15301638034359
MI,1999,10052,Democratic,412,26,Michigan,40.98686828491842
MI,2000,9813,Democratic,423,26,Michigan,43.106083766432285
MI,2001,9880,Democratic,442,26,Michigan,44.73684210526316
MI,2002,9897,Democratic,421,26,Michigan,42.53814287157725
MI,2003,9893,Democratic,421,26,Michigan,42.555342161124024
MI,2004,9939,Democratic,559,26,Michigan,56.24308280511118
MI,2005,9964,Democratic,607,26,Michigan,60.9193095142513
MI,2006,9953,Democratic,614,26,Michigan,61.68994273083492
MI,2007,9919,Democratic,636,26,Michigan,64.11936687166045
MI,2008,9806,Democratic,577,26,Michigan,58.841525596573526
MI,2009,9797,Democratic,315,26,Michigan,32.152699806063076
MI,2010,9751,Democratic,304,26,Michigan,31.176289611321916
MI,2011,9689,Democratic,378,26,Michigan,39.01331406749923
MI,2012,9731,Democratic,634,26,Michigan,65.15260507655945
MI,2013,10074,Democratic,333,26,Michigan,33.055390113162595
MI,2014,9893,Democratic,320,26,Michigan,32.346103305367436
MI,2015,9852,Democratic,309,26,Michigan,31.36419001218027
MI,2016,9875,Republican,406,26,Michigan,41.11392405063291
MI,2017,9895,Republican,452,26,Michigan,45.67963617988884
MI,2018,9913,Republican,437,26,Michigan,44.08352668213457
MN,1991,4384,Democratic,225,27,Minnesota,51.32299270072993
MN,1992,4318,Democratic,0,27,Minnesota,0
MN,1993,4354,Democratic,0,27,Minnesota,0
MN,1994,4486,Democratic,0,27,Minnesota,0
MN,1995,4628,Democratic,285,27,Minnesota,61.581676750216076
MN,1996,4690,Democratic,268,27,Minnesota,57.14285714285714
MN,1997,4748,Democratic,214,27,Minnesota,45.07160909856782
MN,1998,4815,Democratic,248,27,Minnesota,51.50571131879543
MN,1999,4868,Democratic,226,27,Minnesota,46.42563681183237
MN,2000,4890,Democratic,169,27,Minnesota,34.56032719836401
MN,2001,4910,Democratic,208,27,Minnesota,42.36252545824847
MN,2002,5044,Democratic,203,27,Minnesota,40.24583663758922
MN,2003,5075,Democratic,215,27,Minnesota,42.364532019704434
MN,2004,5120,Democratic,239,27,Minnesota,46.6796875
MN,2005,5113,Democratic,206,27,Minnesota,40.28945824369254
MN,2006,5145,Democratic,137,27,Minnesota,26.62779397473275
MN,2007,5188,Democratic,157,27,Minnesota,30.262143407864304
MN,2008,5120,Democratic,164,27,Minnesota,32.03125
MN,2009,5200,Democratic,153,27,Minnesota,29.423076923076923
MN,2010,5217,Democratic,127,27,Minnesota,24.34349242859881
MN,2011,5276,Democratic,148,27,Minnesota,28.051554207733133
MN,2012,5353,Democratic,72,27,Minnesota,13.450401643937978
MN,2013,5349,Democratic,144,27,Minnesota,26.9209197980931
MN,2014,5417,Democratic,98,27,Minnesota,18.09119438803766
MN,2015,5458,Democratic,109,27,Minnesota,19.970685232685966
MN,2016,5430,Democratic,119,27,Minnesota,21.915285451197054
MN,2017,5619,Democratic,144,27,Minnesota,25.62733582487987
MN,2018,5746,Democratic,126,27,Minnesota,21.928297946397496
MO,1991,4993,Republican,136,29,Missouri,27.23813338674144
MO,1992,5062,Democratic,158,29,Missouri,31.21295930462268
MO,1993,5185,Democratic,167,29,Missouri,32.208293153326906
MO,1994,5107,Democratic,140,29,Missouri,27.413354219698455
MO,1995,5140,Democratic,135,29,Missouri,26.264591439688715
MO,1996,5268,Democratic,150,29,Missouri,28.473804100227788
MO,1997,5315,Democratic,158,29,Missouri,29.727187206020695
MO,1998,5399,Democratic,120,29,Missouri,22.226338210779772
MO,1999,5511,Democratic,84,29,Missouri,15.242242787152968
MO,2000,5517,Republican,70,29,Missouri,12.68805510241073
MO,2001,5513,Republican,91,29,Missouri,16.50643932523127
MO,2002,5581,Republican,65,29,Missouri,11.64665830496327
MO,2003,5606,Republican,55,29,Missouri,9.810916874777025
MO,2004,5609,Republican,71,29,Missouri,12.658227848101266
MO,2005,5697,Republican,78,29,Missouri,13.69141653501843
MO,2006,5797,Republican,82,29,Missouri,14.145247541831981
MO,2007,5783,Republican,114,29,Missouri,19.71295175514439
MO,2008,5861,Republican,99,29,Missouri,16.891315475174885
MO,2009,5963,Republican,125,29,Missouri,20.962602716753313
MO,2010,5929,Republican,142,29,Missouri,23.950075898127846
MO,2011,5892,Republican,121,29,Missouri,20.53632043448744
MO,2012,5956,Republican,104,29,Missouri,17.461383478844862
MO,2013,5955,Republican,105,29,Missouri,17.632241813602015
MO,2014,5950,Republican,76,29,Missouri,12.773109243697478
MO,2015,5946,Republican,100,29,Missouri,16.818028927009756
MO,2016,5878,Republican,89,29,Missouri,15.14120449132358
MO,2017,5988,Republican,104,29,Missouri,17.36806947227789
MO,2018,6026,Republican,74,29,Missouri,12.280119482243611
MS,1991,2681,Republican,1,28,Mississippi,0.3729951510630362
MS,1992,2725,Republican,0,28,Mississippi,0
MS,1993,2584,Republican,0,28,Mississippi,0
MS,1994,2587,Republican,6,28,Mississippi,2.3192887514495553
MS,1995,2685,Republican,6,28,Mississippi,2.2346368715083798
MS,1996,2797,Republican,3,28,Mississippi,1.0725777618877368
MS,1997,2731,Republican,0,28,Mississippi,0
MS,1998,2758,Republican,3,28,Mississippi,1.0877447425670776
MS,1999,2755,Republican,2,28,Mississippi,0.7259528130671505
MS,2000,2794,Republican,2,28,Mississippi,0.7158196134574087
MS,2001,2794,Republican,3,28,Mississippi,1.0737294201861132
MS,2002,2785,Republican,3,28,Mississippi,1.0771992818671454
MS,2003,2851,Republican,1,28,Mississippi,0.350754121360926
MS,2004,2862,Republican,2,28,Mississippi,0.6988120195667366
MS,2005,2843,Republican,0,28,Mississippi,0
MS,2006,2887,Republican,0,28,Mississippi,0
MS,2007,2895,Republican,0,28,Mississippi,0
MS,2008,2900,Republican,4,28,Mississippi,1.379310344827586
MS,2009,2847,Republican,2,28,Mississippi,0.7024938531787847
MS,2010,2920,Republican,11,28,Mississippi,3.767123287671233
MS,2011,2932,Republican,1,28,Mississippi,0.34106412005457026
MS,2012,2893,Republican,18,28,Mississippi,6.221914967162116
MS,2013,2895,Republican,4,28,Mississippi,1.381692573402418
MS,2014,2961,Republican,2,28,Mississippi,0.6754474839581223
MS,2015,2947,Republican,0,28,Mississippi,0
MS,2016,2943,Republican,20,28,Mississippi,6.795786612300374
MS,2017,2948,Republican,49,28,Mississippi,16.621438263229308
MS,2018,2899,Republican,10,28,Mississippi,3.449465332873405
MT,1991,822,Republican,0,30,Montana,0
MT,1992,855,Democratic,0,30,Montana,0
MT,1993,850,Democratic,21,30,Montana,24.705882352941174
MT,1994,844,Democratic,0,30,Montana,0
MT,1995,870,Democratic,11,30,Montana,12.64367816091954
MT,1996,908,Republican,10,30,Montana,11.013215859030838
MT,1997,892,Republican,15,30,Montana,16.816143497757846
MT,1998,922,Republican,22,30,Montana,23.86117136659436
MT,1999,891,Republican,28,30,Montana,31.425364758698095
MT,2000,888,Republican,19,30,Montana,21.396396396396398
MT,2001,891,Republican,13,30,Montana,14.590347923681257
MT,2002,902,Republican,13,30,Montana,14.412416851441241
MT,2003,915,Republican,5,30,Montana,5.46448087431694
MT,2004,908,Republican,50,30,Montana,55.06607929515418
MT,2005,926,Republican,65,30,Montana,70.19438444924405
MT,2006,930,Republican,24,30,Montana,25.806451612903224
MT,2007,938,Republican,21,30,Montana,22.388059701492537
MT,2008,973,Republican,28,30,Montana,28.77697841726619
MT,2009,971,Republican,28,30,Montana,28.836251287332647
MT,2010,979,Republican,31,30,Montana,31.664964249233915
MT,2011,986,Republican,23,30,Montana,23.32657200811359
MT,2012,999,Republican,36,30,Montana,36.03603603603604
MT,2013,980,Republican,36,30,Montana,36.734693877551024
MT,2014,1008,Republican,35,30,Montana,34.72222222222222
MT,2015,1018,Republican,45,30,Montana,44.20432220039293
MT,2016,1031,Republican,21,30,Montana,20.368574199806012
MT,2017,1041,Republican,21,30,Montana,20.172910662824208
MT,2018,1041,Republican,11,30,Montana,10.566762728146013
NC,1991,6641,Republican,0,37,North Carolina,0
NC,1992,6813,Republican,1,37,North Carolina,0.1467782181124321
NC,1993,6732,Republican,10,37,North Carolina,1.4854426619132501
NC,1994,6895,Republican,7,37,North Carolina,1.0152284263959392
NC,1995,6935,Republican,52,37,North Carolina,7.4981975486661865
NC,1996,7254,Republican,34,37,North Carolina,4.687069203198235
NC,1997,7345,Republican,42,37,North Carolina,5.718175629680054
NC,1998,7412,Republican,39,37,North Carolina,5.26173772261198
NC,1999,7766,Republican,31,37,North Carolina,3.991758949266031
NC,2000,7983,Republican,39,37,North Carolina,4.885381435550545
NC,2001,8084,Republican,84,37,North Carolina,10.390895596239485
NC,2002,8146,Republican,62,37,North Carolina,7.611097471151486
NC,2003,8223,Republican,77,37,North Carolina,9.36397908305971
NC,2004,8421,Republican,67,37,North Carolina,7.956299726873293
NC,2005,8538,Republican,89,37,North Carolina,10.42398688217381
NC,2006,8847,Republican,100,37,North Carolina,11.303266644060132
NC,2007,9170,Republican,75,37,North Carolina,8.178844056706653
NC,2008,9234,Democratic,124,37,North Carolina,13.428633311674247
NC,2009,9336,Democratic,103,37,North Carolina,11.03256212510711
NC,2010,9359,Democratic,94,37,North Carolina,10.043808099155893
NC,2011,9504,Democratic,112,37,North Carolina,11.784511784511785
NC,2012,9634,Republican,119,37,North Carolina,12.352086360805481
NC,2013,9672,Republican,118,37,North Carolina,12.200165425971878
NC,2014,9823,Republican,140,37,North Carolina,14.252265092130713
NC,2015,9887,Republican,161,37,North Carolina,16.284009305148174
NC,2016,10056,Republican,148,37,North Carolina,14.7175815433572
NC,2017,10297,Republican,166,37,North Carolina,16.121200349616394
NC,2018,10369,Republican,141,37,North Carolina,13.598225479795543
ND,1991,635,Republican,0,38,North Dakota,0
ND,1992,616,Republican,1,38,North Dakota,1.6233766233766236
ND,1993,625,Republican,1,38,North Dakota,1.6
ND,1994,627,Republican,5,38,North Dakota,7.974481658692184
ND,1995,635,Republican,3,38,North Dakota,4.724409448818897
ND,1996,628,Republican,2,38,North Dakota,3.1847133757961785
ND,1997,638,Republican,2,38,North Dakota,3.134796238244514
ND,1998,644,Republican,2,38,North Dakota,3.105590062111801
ND,1999,621,Republican,2,38,North Dakota,3.2206119162640903
ND,2000,622,Republican,5,38,North Dakota,8.038585209003214
ND,2001,620,Republican,16,38,North Dakota,25.806451612903224
ND,2002,632,Republican,18,38,North Dakota,28.481012658227847
ND,2003,631,Republican,10,38,North Dakota,15.847860538827259
ND,2004,627,Republican,10,38,North Dakota,15.948963317384369
ND,2005,625,Republican,12,38,North Dakota,19.2
ND,2006,615,Republican,16,38,North Dakota,26.016260162601625
ND,2007,614,Republican,14,38,North Dakota,22.80130293159609
ND,2008,625,Republican,16,38,North Dakota,25.6
ND,2009,632,Republican,14,38,North Dakota,22.151898734177216
ND,2010,653,Republican,8,38,North Dakota,12.251148545176111
ND,2011,675,Republican,27,38,North Dakota,40
ND,2012,692,Republican,42,38,North Dakota,60.69364161849711
ND,2013,716,Republican,51,38,North Dakota,71.2290502793296
ND,2014,731,Republican,41,38,North Dakota,56.087551299589606
ND,2015,763,Republican,36,38,North Dakota,47.182175622542594
ND,2016,749,Republican,13,38,North Dakota,17.356475300400533
ND,2017,740,Republican,15,38,North Dakota,20.27027027027027
ND,2018,745,Republican,10,38,North Dakota,13.422818791946309
NE,1991,1661,Republican,0,31,Nebraska,0
NE,1992,1606,Republican,0,31,Nebraska,0
NE,1993,1641,Republican,0,31,Nebraska,0
NE,1994,1648,Republican,0,31,Nebraska,0
NE,1995,1648,Republican,0,31,Nebraska,0
NE,1996,1666,Republican,3,31,Nebraska,1.800720288115246
NE,1997,1658,Republican,3,31,Nebraska,1.8094089264173703
NE,1998,1713,Republican,52,31,Nebraska,30.356100408639815
NE,1999,1683,Republican,35,31,Nebraska,20.7961972667855
NE,2000,1679,Republican,17,31,Nebraska,10.12507444907683
NE,2001,1680,Republican,54,31,Nebraska,32.14285714285714
NE,2002,1700,Republican,56,31,Nebraska,32.94117647058824
NE,2003,1725,Republican,44,31,Nebraska,25.507246376811594
NE,2004,1724,Republican,59,31,Nebraska,34.222737819025525
NE,2005,1760,Republican,71,31,Nebraska,40.34090909090909
NE,2006,1765,Republican,56,31,Nebraska,31.72804532577904
NE,2007,1751,Republican,45,31,Nebraska,25.69960022844089
NE,2008,1774,Republican,100,31,Nebraska,56.36978579481398
NE,2009,1778,Republican,78,31,Nebraska,43.869516310461194
NE,2010,1804,Republican,61,31,Nebraska,33.813747228381374
NE,2011,1823,Republican,36,31,Nebraska,19.747668678003294
NE,2012,1849,Republican,9,31,Nebraska,4.86749594375338
NE,2013,1868,Republican,33,31,Nebraska,17.665952890792294
NE,2014,1873,Republican,47,31,Nebraska,25.093432995194874
NE,2015,1858,Republican,19,31,Nebraska,10.22604951560818
NE,2016,1870,Republican,31,31,Nebraska,16.577540106951872
NE,2017,1878,Republican,40,31,Nebraska,21.299254526091588
NE,2018,1893,Republican,38,31,Nebraska,20.073956682514527
NH,1991,1107,Republican,0,33,New Hampshire,0
NH,1992,1114,Democratic,0,33,New Hampshire,0
NH,1993,1131,Democratic,0,33,New Hampshire,0
NH,1994,1131,Democratic,3,33,New Hampshire,2.6525198938992043
NH,1995,1139,Democratic,24,33,New Hampshire,21.071115013169447
NH,1996,1142,Democratic,1,33,New Hampshire,0.8756567425569177
NH,1997,1197,Democratic,0,33,New Hampshire,0
NH,1998,1216,Democratic,16,33,New Hampshire,13.157894736842104
NH,1999,1255,Democratic,20,33,New Hampshire,15.936254980079681
NH,2000,1231,Republican,32,33,New Hampshire,25.995125913891144
NH,2001,1254,Republican,27,33,New Hampshire,21.5311004784689
NH,2002,1264,Republican,30,33,New Hampshire,23.734177215189874
NH,2003,1263,Republican,32,33,New Hampshire,25.33650039588282
NH,2004,1291,Democratic,49,33,New Hampshire,37.955073586367156
NH,2005,1298,Democratic,33,33,New Hampshire,25.423728813559325
NH,2006,1308,Democratic,38,33,New Hampshire,29.051987767584098
NH,2007,1312,Democratic,48,33,New Hampshire,36.58536585365854
NH,2008,1300,Democratic,45,33,New Hampshire,34.61538461538462
NH,2009,1313,Democratic,26,33,New Hampshire,19.801980198019802
NH,2010,1294,Democratic,31,33,New Hampshire,23.956723338485315
NH,2011,1300,Democratic,22,33,New Hampshire,16.923076923076923
NH,2012,1308,Democratic,30,33,New Hampshire,22.93577981651376
NH,2013,1301,Democratic,23,33,New Hampshire,17.678708685626443
NH,2014,1318,Democratic,15,33,New Hampshire,11.380880121396054
NH,2015,1293,Democratic,13,33,New Hampshire,10.054137664346483
NH,2016,1316,Democratic,29,33,New Hampshire,22.03647416413374
NH,2017,1333,Democratic,14,33,New Hampshire,10.502625656414104
NH,2018,1349,Democratic,13,33,New Hampshire,9.636767976278726
NJ,1991,7736,Republican,894,34,New Jersey,115.5635987590486
NJ,1992,7803,Democratic,1113,34,New Jersey,142.63744713571703
NJ,1993,7968,Democratic,1100,34,New Jersey,138.05220883534136
NJ,1994,7920,Democratic,895,34,New Jersey,113.0050505050505
NJ,1995,7879,Democratic,768,34,New Jersey,97.4742987688793
NJ,1996,7858,Democratic,839,34,New Jersey,106.77017052685162
NJ,1997,7967,Democratic,694,34,New Jersey,87.1093259696247
NJ,1998,8072,Democratic,757,34,New Jersey,93.78097125867195
NJ,1999,8232,Democratic,617,34,New Jersey,74.95140913508261
NJ,2000,8384,Democratic,652,34,New Jersey,77.76717557251908
NJ,2001,8456,Democratic,767,34,New Jersey,90.70482497634816
NJ,2002,8585,Democratic,570,34,New Jersey,66.3948747815958
NJ,2003,8574,Democratic,594,34,New Jersey,69.27921623512947
NJ,2004,8652,Democratic,769,34,New Jersey,88.88118354137772
NJ,2005,8692,Democratic,738,34,New Jersey,84.90566037735849
NJ,2006,8650,Democratic,760,34,New Jersey,87.861271676300575
NJ,2007,8548,Democratic,748,34,New Jersey,87.50584932147872
NJ,2008,8515,Democratic,744,34,New Jersey,87.37522019964767
NJ,2009,8660,Democratic,549,34,New Jersey,63.394919168591215
NJ,2010,8733,Democratic,543,34,New Jersey,62.1779457231192
NJ,2011,8642,Democratic,508,34,New Jersey,58.78268919231659
NJ,2012,8720,Democratic,505,34,New Jersey,57.912844036697244
NJ,2013,8728,Democratic,414,34,New Jersey,47.43354720439964
NJ,2014,8938,Democratic,336,34,New Jersey,37.59230252852987
NJ,2015,8936,Democratic,330,34,New Jersey,36.92927484333035
NJ,2016,8836,Democratic,282,34,New Jersey,31.914893617021274
NJ,2017,9015,Democratic,504,34,New Jersey,55.90682196339434
NJ,2018,8790,Democratic,569,34,New Jersey,64.73265073947668
NM,1991,1554,Republican,0,35,New Mexico,0
NM,1992,1611,Democratic,0,35,New Mexico,0
NM,1993,1623,Democratic,4,35,New Mexico,2.4645717806531118
NM,1994,1685,Democratic,12,35,New Mexico,7.121661721068249
NM,1995,1806,Democratic,24,35,New Mexico,13.289036544850498
NM,1996,1847,Democratic,44,35,New Mexico,23.82241472658365
NM,1997,1823,Democratic,24,35,New Mexico,13.165112452002194
NM,1998,1823,Democratic,31,35,New Mexico,17.004936917169502
NM,1999,1831,Democratic,16,35,New Mexico,8.73839432004369
NM,2000,1790,Democratic,15,35,New Mexico,8.379888268156424
NM,2001,1795,Democratic,20,35,New Mexico,11.142061281337048
NM,2002,1837,Democratic,15,35,New Mexico,8.165487207403375
NM,2003,1867,Democratic,11,35,New Mexico,5.891805034815212
NM,2004,1899,Republican,22,35,New Mexico,11.58504476040021
NM,2005,1938,Republican,18,35,New Mexico,9.287925696594426
NM,2006,1939,Republican,20,35,New Mexico,10.31459515214028
NM,2007,1941,Republican,14,35,New Mexico,7.212776919113859
NM,2008,1977,Democratic,9,35,New Mexico,4.552352048558422
NM,2009,1971,Democratic,15,35,New Mexico,7.610350076103501
NM,2010,2033,Democratic,24,35,New Mexico,11.805213969503196
NM,2011,2037,Democratic,28,35,New Mexico,13.745704467353951
NM,2012,2064,Democratic,2,35,New Mexico,0.9689922480620154
NM,2013,2079,Democratic,12,35,New Mexico,5.772005772005772
NM,2014,2030,Democratic,13,35,New Mexico,6.403940886699507
NM,2015,2036,Democratic,13,35,New Mexico,6.385068762278978
NM,2016,2043,Democratic,26,35,New Mexico,12.726382770435633
NM,2017,2035,Democratic,7,35,New Mexico,3.43980343980344
NM,2018,2054,Democratic,52,35,New Mexico,25.31645569620253
NV,1991,1237,Republican,16,32,Nevada,12.934518997574777
NV,1992,1353,Democratic,23,32,Nevada,16.999260901699927
NV,1993,1444,Democratic,12,32,Nevada,8.310249307479225
NV,1994,1521,Democratic,16,32,Nevada,10.519395134779751
NV,1995,1558,Democratic,68,32,Nevada,43.64569961489089
NV,1996,1634,Democratic,44,32,Nevada,26.92778457772338
NV,1997,1723,Democratic,45,32,Nevada,26.1172373766686
NV,1998,1845,Democratic,60,32,Nevada,32.520325203252035
NV,1999,2033,Democratic,75,32,Nevada,36.89129365469749
NV,2000,2045,Republican,85,32,Nevada,41.56479217603912
NV,2001,2129,Republican,94,32,Nevada,44.152184124001884
NV,2002,2114,Republican,62,32,Nevada,29.3282876064333
NV,2003,2242,Republican,97,32,Nevada,43.26494201605709
NV,2004,2385,Republican,81,32,Nevada,33.9622641509434
NV,2005,2447,Republican,77,32,Nevada,31.467102574581123
NV,2006,2530,Republican,125,32,Nevada,49.40711462450593
NV,2007,2566,Republican,63,32,Nevada,24.551831644583007
NV,2008,2581,Democratic,94,32,Nevada,36.41999225106548
NV,2009,2629,Democratic,48,32,Nevada,18.257892734880183
NV,2010,2696,Democratic,68,32,Nevada,25.222551928783382
NV,2011,2682,Democratic,59,32,Nevada,21.998508575689783
NV,2012,2735,Democratic,91,32,Nevada,33.272394881170015
NV,2013,2774,Democratic,73,32,Nevada,26.31578947368421
NV,2014,2819,Democratic,24,32,Nevada,8.513657325292657
NV,2015,2864,Democratic,58,32,Nevada,20.251396648044693
NV,2016,2941,Democratic,41,32,Nevada,13.94083645018701
NV,2017,2979,Democratic,5,32,Nevada,1.6784155756965424
NV,2018,3008,Democratic,33,32,Nevada,10.970744680851064
NY,1991,17914,Democratic,943,36,New York,52.6403929887239
NY,1992,17975,Democratic,1112,36,New York,61.863699582753824
NY,1993,18218,Democratic,934,36,New York,51.267976726314636
NY,1994,18213,Democratic,911,36,New York,50.01921704277164
NY,1995,18258,Democratic,845,36,New York,46.281082265308356
NY,1996,18345,Democratic,903,36,New York,49.223221586263286
NY,1997,18103,Democratic,853,36,New York,47.119262000773354
NY,1998,18370,Democratic,776,36,New York,42.2427871529668
NY,1999,18855,Democratic,590,36,New York,31.291434632723416
NY,2000,18752,Democratic,608,36,New York,32.42320819112628
NY,2001,18783,Democratic,712,36,New York,37.90661768620561
NY,2002,19224,Democratic,693,36,New York,36.048689138576776
NY,2003,18922,Democratic,603,36,New York,31.86766726561674
NY,2004,19010,Democratic,386,36,New York,20.30510257759074
NY,2005,18995,Democratic,498,36,New York,26.217425638325874
NY,2006,19021,Democratic,522,36,New York,27.44335208453814
NY,2007,19021,Democratic,498,36,New York,26.181588770306504
NY,2008,19309,Democratic,605,36,New York,31.33253923041069
NY,2009,19158,Democratic,641,36,New York,33.45860737028917
NY,2010,19116,Democratic,699,36,New York,36.56622724419334
NY,2011,19329,Democratic,545,36,New York,28.195974959904806
NY,2012,19298,Democratic,720,36,New York,37.30956575810965
NY,2013,19335,Democratic,615,36,New York,31.80760279286268
NY,2014,19658,Democratic,545,36,New York,27.724081798758775
NY,2015,19645,Democratic,500,36,New York,25.451768897938408
NY,2016,19459,Democratic,595,36,New York,30.577110848450587
NY,2017,19735,Democratic,554,36,New York,28.071953382315684
NY,2018,19343,Democratic,525,36,New York,27.141601612986612
OH,1991,11061,Republican,80,39,Ohio,7.232619112196004
OH,1992,11175,Democratic,105,39,Ohio,9.395973154362416
OH,1993,11264,Democratic,260,39,Ohio,23.082386363636363
OH,1994,11139,Democratic,357,39,Ohio,32.04955561540533
OH,1995,11211,Democratic,266,39,Ohio,23.726696994023726
OH,1996,11254,Democratic,234,39,Ohio,20.792607073040696
OH,1997,11212,Democratic,265,39,Ohio,23.635390652871923
OH,1998,11201,Democratic,254,39,Ohio,22.67654673689849
OH,1999,11223,Democratic,232,39,Ohio,20.671834625322997
OH,2000,11160,Republican,255,39,Ohio,22.8494623655914
OH,2001,11178,Republican,363,39,Ohio,32.47450348899624
OH,2002,11253,Republican,265,39,Ohio,23.549275748689237
OH,2003,11227,Republican,244,39,Ohio,21.73332145720139
OH,2004,11259,Republican,354,39,Ohio,31.441513455901944
OH,2005,11310,Republican,191,39,Ohio,16.887709991158268
OH,2006,11297,Republican,305,39,Ohio,26.998318137558645
OH,2007,11280,Republican,306,39,Ohio,27.127659574468087
OH,2008,11386,Democratic,355,39,Ohio,31.178640435622693
OH,2009,11441,Democratic,303,39,Ohio,26.483698977362117
OH,2010,11341,Democratic,247,39,Ohio,21.77938453399171
OH,2011,11309,Democratic,250,39,Ohio,22.10628702803077
OH,2012,11398,Democratic,264,39,Ohio,23.16195823828742
OH,2013,11280,Democratic,341,39,Ohio,30.23049645390071
OH,2014,11505,Democratic,421,39,Ohio,36.59278574532812
OH,2015,11435,Democratic,416,39,Ohio,36.379536510712725
OH,2016,11442,Republican,471,39,Ohio,41.16413214472994
OH,2017,11491,Republican,387,39,Ohio,33.67853102427988
OH,2018,11452,Republican,365,39,Ohio,31.872162067761092
OK,1991,3173,Republican,99,40,Oklahoma,31.200756381972898
OK,1992,3269,Republican,147,40,Oklahoma,44.96788008565311
OK,1993,3326,Republican,61,40,Oklahoma,18.340348767288035
OK,1994,3232,Republican,20,40,Oklahoma,6.188118811881188
OK,1995,3204,Republican,37,40,Oklahoma,11.548064918851436
OK,1996,3344,Republican,83,40,Oklahoma,24.820574162679428
OK,1997,3321,Republican,41,40,Oklahoma,12.345679012345679
OK,1998,3251,Republican,57,40,Oklahoma,17.533066748692708
OK,1999,3300,Republican,42,40,Oklahoma,12.727272727272728
OK,2000,3378,Republican,80,40,Oklahoma,23.682652457075193
OK,2001,3372,Republican,46,40,Oklahoma,13.641755634638196
OK,2002,3473,Republican,44,40,Oklahoma,12.669162107687876
OK,2003,3430,Republican,38,40,Oklahoma,11.078717201166182
OK,2004,3444,Republican,51,40,Oklahoma,14.80836236933798
OK,2005,3486,Republican,41,40,Oklahoma,11.761331038439472
OK,2006,3489,Republican,51,40,Oklahoma,14.617368873602752
OK,2007,3551,Republican,30,40,Oklahoma,8.448324415657561
OK,2008,3550,Republican,54,40,Oklahoma,15.211267605633802
OK,2009,3632,Republican,60,40,Oklahoma,16.519823788546255
OK,2010,3697,Republican,49,40,Oklahoma,13.253989721395726
OK,2011,3763,Republican,30,40,Oklahoma,7.972362476747276
OK,2012,3700,Republican,21,40,Oklahoma,5.675675675675675
OK,2013,3697,Republican,43,40,Oklahoma,11.631052204490127
OK,2014,3728,Republican,31,40,Oklahoma,8.315450643776824
OK,2015,3887,Republican,37,40,Oklahoma,9.518909184461023
OK,2016,3911,Republican,35,40,Oklahoma,8.949117872666838
OK,2017,3817,Republican,29,40,Oklahoma,7.597589730154572
OK,2018,3858,Republican,31,40,Oklahoma,8.035251425609125
OR,1991,2967,Democratic,296,41,Oregon,99.76407145264577
OR,1992,3039,Democratic,376,41,Oregon,123.72490950970715
OR,1993,3077,Democratic,237,41,Oregon,77.02307442313942
OR,1994,3152,Democratic,177,41,Oregon,56.15482233502538
OR,1995,3208,Democratic,152,41,Oregon,47.38154613466334
OR,1996,3234,Democratic,172,41,Oregon,53.18491032776747
OR,1997,3284,Democratic,105,41,Oregon,31.973203410475026
OR,1998,3352,Democratic,101,41,Oregon,30.13126491646778
OR,1999,3421,Democratic,123,41,Oregon,35.954399298450745
OR,2000,3415,Democratic,142,41,Oregon,41.58125915080527
OR,2001,3446,Democratic,222,41,Oregon,64.42251886244922
OR,2002,3503,Democratic,61,41,Oregon,17.41364544675992
OR,2003,3560,Democratic,103,41,Oregon,28.93258426966292
OR,2004,3572,Democratic,155,41,Oregon,43.393057110862266
OR,2005,3619,Democratic,138,41,Oregon,38.13208068527218
OR,2006,3705,Democratic,144,41,Oregon,38.86639676113361
OR,2007,3761,Democratic,169,41,Oregon,44.93485775059825
OR,2008,3806,Democratic,191,41,Oregon,50.18392012611666
OR,2009,3821,Democratic,131,41,Oregon,34.28421879089243
OR,2010,3752,Democratic,134,41,Oregon,35.714285714285715
OR,2011,3850,Democratic,130,41,Oregon,33.76623376623376
OR,2012,3872,Democratic,52,41,Oregon,13.429752066115704
OR,2013,3969,Democratic,68,41,Oregon,17.132779037540942
OR,2014,3955,Democratic,66,41,Oregon,16.68773704171934
OR,2015,4029,Democratic,88,41,Oregon,21.84164805162571
OR,2016,4124,Democratic,107,41,Oregon,25.94568380213385
OR,2017,4202,Democratic,148,41,Oregon,35.221323179438365
OR,2018,4172,Democratic,137,41,Oregon,32.83796740172579
PA,1991,12147,Republican,277,42,Pennsylvania,22.803984522927472
PA,1992,12018,Democratic,1,42,Pennsylvania,0.08320852055250458
PA,1993,12073,Democratic,391,42,Pennsylvania,32.386316574173776
PA,1994,11967,Democratic,278,42,Pennsylvania,23.230550681039524
PA,1995,12031,Democratic,284,42,Pennsylvania,23.605685312941567
PA,1996,11889,Democratic,205,42,Pennsylvania,17.242829506266297
PA,1997,11904,Democratic,163,42,Pennsylvania,13.692876344086022
PA,1998,11890,Democratic,164,42,Pennsylvania,13.793103448275861
PA,1999,11948,Democratic,187,42,Pennsylvania,15.65115500502176
PA,2000,12044,Democratic,141,42,Pennsylvania,11.707074061773497
PA,2001,12087,Democratic,141,42,Pennsylvania,11.665425663936462
PA,2002,12168,Democratic,96,42,Pennsylvania,7.889546351084813
PA,2003,12135,Democratic,118,42,Pennsylvania,9.723939019365472
PA,2004,12142,Democratic,99,42,Pennsylvania,8.15351671882721
PA,2005,12237,Democratic,80,42,Pennsylvania,6.537550053117594
PA,2006,12326,Democratic,87,42,Pennsylvania,7.058250851857862
PA,2007,12297,Democratic,78,42,Pennsylvania,6.343010490363503
PA,2008,12178,Democratic,70,42,Pennsylvania,5.748070290688126
PA,2009,12401,Democratic,36,42,Pennsylvania,2.9029916942182084
PA,2010,12530,Democratic,57,42,Pennsylvania,4.549082202713488
PA,2011,12697,Democratic,19,42,Pennsylvania,1.4964164763329921
PA,2012,12664,Democratic,38,42,Pennsylvania,3.0006317119393557
PA,2013,12804,Democratic,56,42,Pennsylvania,4.373633239612621
PA,2014,12620,Democratic,54,42,Pennsylvania,4.27892234548336
PA,2015,12564,Democratic,57,42,Pennsylvania,4.536771728748806
PA,2016,12526,Republican,68,42,Pennsylvania,5.428708286763532
PA,2017,12568,Republican,76,42,Pennsylvania,6.0471037555697
PA,2018,12519,Republican,66,42,Pennsylvania,5.271986580397795
RI,1991,949,Democratic,0,44,Rhode Island,0
RI,1992,960,Democratic,48,44,Rhode Island,50
RI,1993,969,Democratic,62,44,Rhode Island,63.98348813209494
RI,1994,968,Democratic,37,44,Rhode Island,38.22314049586777
RI,1995,962,Democratic,46,44,Rhode Island,47.81704781704782
RI,1996,940,Democratic,40,44,Rhode Island,42.5531914893617
RI,1997,943,Democratic,43,44,Rhode Island,45.59915164369035
RI,1998,965,Democratic,29,44,Rhode Island,30.05181347150259
RI,1999,1033,Democratic,41,44,Rhode Island,39.69022265246854
RI,2000,1035,Democratic,48,44,Rhode Island,46.3768115942029
RI,2001,1043,Democratic,63,44,Rhode Island,60.40268456375839
RI,2002,1055,Democratic,38,44,Rhode Island,36.018957345971565
RI,2003,1051,Democratic,45,44,Rhode Island,42.81636536631779
RI,2004,1055,Democratic,29,44,Rhode Island,27.488151658767773
RI,2005,1052,Democratic,15,44,Rhode Island,14.258555133079849
RI,2006,1054,Democratic,19,44,Rhode Island,18.026565464895636
RI,2007,1042,Democratic,49,44,Rhode Island,47.02495201535509
RI,2008,1042,Democratic,35,44,Rhode Island,33.58925143953935
RI,2009,1030,Democratic,35,44,Rhode Island,33.980582524271846
RI,2010,1042,Democratic,20,44,Rhode Island,19.193857965451055
RI,2011,1038,Democratic,25,44,Rhode Island,24.084778420038536
RI,2012,1034,Democratic,12,44,Rhode Island,11.60541586073501
RI,2013,1032,Democratic,7,44,Rhode Island,6.782945736434108
RI,2014,1046,Democratic,5,44,Rhode Island,4.780114722753346
RI,2015,1044,Democratic,18,44,Rhode Island,17.241379310344826
RI,2016,1052,Democratic,12,44,Rhode Island,11.406844106463879
RI,2017,1046,Democratic,11,44,Rhode Island,10.516252390057362
RI,2018,1036,Democratic,13,44,Rhode Island,12.548262548262548
SC,1991,3538,Republican,0,45,South Carolina,0
SC,1992,3675,Republican,4,45,South Carolina,1.0884353741496597
SC,1993,3630,Republican,27,45,South Carolina,7.43801652892562
SC,1994,3633,Republican,33,45,South Carolina,9.083402146985962
SC,1995,3741,Republican,26,45,South Carolina,6.950013365410318
SC,1996,3698,Republican,43,45,South Carolina,11.627906976744185
SC,1997,3813,Republican,71,45,South Carolina,18.62050878573302
SC,1998,3851,Republican,66,45,South Carolina,17.138405608932743
SC,1999,3800,Republican,73,45,South Carolina,19.210526315789473
SC,2000,3964,Republican,36,45,South Carolina,9.081735620585267
SC,2001,3995,Republican,57,45,South Carolina,14.267834793491865
SC,2002,3989,Republican,71,45,South Carolina,17.79894710453748
SC,2003,4060,Republican,64,45,South Carolina,15.763546798029555
SC,2004,4120,Republican,102,45,South Carolina,24.75728155339806
SC,2005,4164,Republican,98,45,South Carolina,23.535062439961578
SC,2006,4224,Republican,82,45,South Carolina,19.41287878787879
SC,2007,4380,Republican,117,45,South Carolina,26.71232876712329
SC,2008,4462,Republican,154,45,South Carolina,34.51367099955177
SC,2009,4501,Republican,109,45,South Carolina,24.216840702066207
SC,2010,4563,Republican,109,45,South Carolina,23.88779311856235
SC,2011,4605,Republican,124,45,South Carolina,26.927252985884905
SC,2012,4667,Republican,104,45,South Carolina,22.284122562674096
SC,2013,4676,Republican,52,45,South Carolina,11.120615911035072
SC,2014,4764,Republican,53,45,South Carolina,11.125104953820319
SC,2015,4790,Republican,57,45,South Carolina,11.899791231732777
SC,2016,4898,Republican,30,45,South Carolina,6.124948958758678
SC,2017,4955,Republican,83,45,South Carolina,16.750756811301716
SC,2018,5036,Republican,68,45,South Carolina,13.502779984114376
SD,1991,689,Republican,0,46,South Dakota,0
SD,1992,705,Republican,0,46,South Dakota,0
SD,1993,717,Republican,4,46,South Dakota,5.578800557880055
SD,1994,737,Republican,1,46,South Dakota,1.3568521031207597
SD,1995,713,Republican,5,46,South Dakota,7.012622720897616
SD,1996,701,Republican,3,46,South Dakota,4.279600570613409
SD,1997,708,Republican,34,46,South Dakota,48.0225988700565
SD,1998,710,Republican,19,46,South Dakota,26.76056338028169
SD,1999,709,Republican,14,46,South Dakota,19.746121297602258
SD,2000,737,Republican,9,46,South Dakota,12.211668928086839
SD,2001,737,Republican,5,46,South Dakota,6.784260515603799
SD,2002,743,Republican,4,46,South Dakota,5.383580080753701
SD,2003,749,Republican,10,46,South Dakota,13.35113484646195
SD,2004,751,Republican,7,46,South Dakota,9.320905459387484
SD,2005,765,Republican,9,46,South Dakota,11.76470588235294
SD,2006,770,Republican,88,46,South Dakota,114.28571428571428
SD,2007,787,Republican,37,46,South Dakota,47.013977128335455
SD,2008,794,Republican,44,46,South Dakota,55.415617128463474
SD,2009,799,Republican,42,46,South Dakota,52.56570713391739
SD,2010,799,Republican,51,46,South Dakota,63.82978723404255
SD,2011,808,Republican,22,46,South Dakota,27.22772277227723
SD,2012,822,Republican,30,46,South Dakota,36.4963503649635
SD,2013,827,Republican,21,46,South Dakota,25.39298669891173
SD,2014,846,Republican,18,46,South Dakota,21.27659574468085
SD,2015,848,Republican,16,46,South Dakota,18.867924528301884
SD,2016,855,Republican,18,46,South Dakota,21.052631578947366
SD,2017,870,Republican,15,46,South Dakota,17.241379310344826
SD,2018,853,Republican,20,46,South Dakota,23.446658851113718
TN,1991,4787,Republican,1,47,Tennessee,0.20889910173386253
TN,1992,5036,Democratic,4,47,Tennessee,0.7942811755361397
TN,1993,5092,Democratic,2,47,Tennessee,0.3927729772191674
TN,1994,5338,Democratic,20,47,Tennessee,3.746721618583739
TN,1995,5462,Democratic,25,47,Tennessee,4.577077993409008
TN,1996,5528,Democratic,33,47,Tennessee,5.969609261939218
TN,1997,5536,Democratic,57,47,Tennessee,10.296242774566474
TN,1998,5569,Democratic,73,47,Tennessee,13.108277967319088
TN,1999,5583,Democratic,131,47,Tennessee,23.464087408203476
TN,2000,5630,Republican,236,47,Tennessee,41.91829484902309
TN,2001,5670,Republican,190,47,Tennessee,33.50970017636684
TN,2002,5655,Republican,130,47,Tennessee,22.988505747126435
TN,2003,5901,Republican,161,47,Tennessee,27.283511269276392
TN,2004,5846,Republican,136,47,Tennessee,23.263770099213136
TN,2005,5853,Republican,120,47,Tennessee,20.502306509482317
TN,2006,5916,Republican,206,47,Tennessee,34.820824881676806
TN,2007,6137,Republican,239,47,Tennessee,38.944109499755584
TN,2008,6163,Republican,270,47,Tennessee,43.80983287360052
TN,2009,6240,Republican,171,47,Tennessee,27.403846153846153
TN,2010,6315,Republican,147,47,Tennessee,23.27790973871734
TN,2011,6324,Republican,148,47,Tennessee,23.40290955091714
TN,2012,6422,Republican,321,47,Tennessee,49.98442852693865
TN,2013,6272,Republican,205,47,Tennessee,32.68494897959184
TN,2014,6496,Republican,198,47,Tennessee,30.480295566502463
TN,2015,6605,Republican,221,47,Tennessee,33.45950037850113
TN,2016,6652,Republican,149,47,Tennessee,22.399278412507517
TN,2017,6699,Republican,136,47,Tennessee,20.30153754291685
TN,2018,6665,Republican,168,47,Tennessee,25.206301575393848
TX,1991,16964,Republican,95,48,Texas,5.600094317377977
TX,1992,17921,Republican,487,48,Texas,27.174822833547235
TX,1993,18266,Republican,418,48,Texas,22.8840468630242
TX,1994,18894,Republican,365,48,Texas,19.318302106488833
TX,1995,18761,Republican,326,48,Texas,17.37647246948457
TX,1996,19184,Republican,350,48,Texas,18.244370308590494
TX,1997,19688,Republican,338,48,Texas,17.167817960178787
TX,1998,19889,Republican,301,48,Texas,15.133993664839862
TX,1999,20173,Republican,263,48,Texas,13.037227977990383
TX,2000,20695,Republican,287,48,Texas,13.868084078279777
TX,2001,21030,Republican,436,48,Texas,20.732287208749405
TX,2002,21482,Republican,343,48,Texas,15.966855972442046
TX,2003,21827,Republican,290,48,Texas,13.286296788381364
TX,2004,22288,Republican,297,48,Texas,13.325556353194544
TX,2005,22777,Republican,264,48,Texas,11.590639680379331
TX,2006,23208,Republican,243,48,Texas,10.47052740434333
TX,2007,23653,Republican,242,48,Texas,10.23126030524669
TX,2008,24174,Republican,247,48,Texas,10.217589145362787
TX,2009,24632,Republican,165,48,Texas,6.698603442676194
TX,2010,25200,Republican,174,48,Texas,6.904761904761905
TX,2011,25554,Republican,153,48,Texas,5.987320967363231
TX,2012,26063,Republican,175,48,Texas,6.714499482024325
TX,2013,26201,Republican,142,48,Texas,5.41964047173772
TX,2014,26676,Republican,158,48,Texas,5.922926975558554
TX,2015,27396,Republican,191,48,Texas,6.971820703752372
TX,2016,27662,Republican,179,48,Texas,6.470971007157834
TX,2017,28090,Republican,184,48,Texas,6.550373798504806
TX,2018,28497,Republican,407,48,Texas,14.282205144401166
UT,1991,1717,Republican,0,49,Utah,0
UT,1992,1830,Republican,12,49,Utah,6.557377049180328
UT,1993,1906,Republican,45,49,Utah,23.6096537250787
UT,1994,1926,Republican,93,49,Utah,48.28660436137071
UT,1995,1999,Republican,107,49,Utah,53.52676338169084
UT,1996,1998,Republican,59,49,Utah,29.52952952952953
UT,1997,2085,Republican,52,49,Utah,24.940047961630697
UT,1998,2106,Republican,67,49,Utah,31.81386514719848
UT,1999,2194,Republican,59,49,Utah,26.89152233363719
UT,2000,2239,Republican,75,49,Utah,33.49709691826708
UT,2001,2257,Republican,66,49,Utah,29.242357111209568
UT,2002,2308,Republican,54,49,Utah,23.39688041594454
UT,2003,2346,Republican,60,49,Utah,25.57544757033248
UT,2004,2390,Republican,60,49,Utah,25.10460251046025
UT,2005,2521,Republican,41,49,Utah,16.263387544625147
UT,2006,2536,Republican,37,49,Utah,14.589905362776024
UT,2007,2651,Republican,57,49,Utah,21.50132025650698
UT,2008,2754,Republican,40,49,Utah,14.524328249818447
UT,2009,2794,Republican,49,49,Utah,17.537580529706517
UT,2010,2768,Republican,63,49,Utah,22.760115606936417
UT,2011,2812,Republican,69,49,Utah,24.53769559032717
UT,2012,2849,Republican,102,49,Utah,35.8020358020358
UT,2013,2923,Republican,76,49,Utah,26.00068422853233
UT,2014,2928,Republican,55,49,Utah,18.784153005464482
UT,2015,3004,Republican,47,49,Utah,15.645805592543278
UT,2016,3077,Republican,67,49,Utah,21.774455638609034
UT,2017,3130,Republican,47,49,Utah,15.015974440894569
UT,2018,3173,Republican,48,49,Utah,15.127639457926252
VA,1991,6144,Republican,54,51,Virginia,8.7890625
VA,1992,6241,Republican,102,51,Virginia,16.343534689953533
VA,1993,6470,Republican,100,51,Virginia,15.45595054095827
VA,1994,6616,Republican,95,51,Virginia,14.35912938331318
VA,1995,6371,Republican,51,51,Virginia,8.005022759378434
VA,1996,6481,Republican,100,51,Virginia,15.429717636167258
VA,1997,6747,Republican,105,51,Virginia,15.562472209871054
VA,1998,6679,Republican,158,51,Virginia,23.656235963467584
VA,1999,6831,Republican,211,51,Virginia,30.88859610598741
VA,2000,6977,Republican,324,51,Virginia,46.43829726243371
VA,2001,7080,Republican,357,51,Virginia,50.42372881355932
VA,2002,7108,Republican,291,51,Virginia,40.939786156443446
VA,2003,7367,Republican,285,51,Virginia,38.68603230623049
VA,2004,7369,Republican,310,51,Virginia,42.068123218889944
VA,2005,7442,Republican,293,51,Virginia,39.371136791185165
VA,2006,7532,Republican,341,51,Virginia,45.27349973446628
VA,2007,7678,Republican,296,51,Virginia,38.55170617348268
VA,2008,7735,Democratic,267,51,Virginia,34.51842275371688
VA,2009,7767,Democratic,150,51,Virginia,19.312475859405176
VA,2010,7837,Democratic,175,51,Virginia,22.329973204032154
VA,2011,7971,Democratic,147,51,Virginia,18.44185171245766
VA,2012,7994,Democratic,138,51,Virginia,17.262947210407805
VA,2013,8230,Democratic,123,51,Virginia,14.9453219927096
VA,2014,8257,Democratic,123,51,Virginia,14.896451495700617
VA,2015,8216,Democratic,158,51,Virginia,19.230769230769234
VA,2016,8163,Democratic,127,51,Virginia,15.558005635183143
VA,2017,8242,Democratic,213,51,Virginia,25.84324193157001
VA,2018,8393,Democratic,150,51,Virginia,17.872036220660075
VT,1991,579,Republican,0,50,Vermont,0
VT,1992,582,Democratic,0,50,Vermont,0
VT,1993,588,Democratic,1,50,Vermont,1.7006802721088434
VT,1994,589,Democratic,12,50,Vermont,20.37351443123939
VT,1995,593,Democratic,10,50,Vermont,16.863406408094434
VT,1996,586,Democratic,4,50,Vermont,6.825938566552901
VT,1997,580,Democratic,3,50,Vermont,5.172413793103448
VT,1998,592,Democratic,13,50,Vermont,21.95945945945946
VT,1999,599,Democratic,16,50,Vermont,26.71118530884808
VT,2000,599,Democratic,19,50,Vermont,31.719532554257093
VT,2001,605,Democratic,17,50,Vermont,28.09917355371901
VT,2002,616,Democratic,18,50,Vermont,29.22077922077922
VT,2003,610,Democratic,27,50,Vermont,44.26229508196721
VT,2004,616,Democratic,28,50,Vermont,45.45454545454545
VT,2005,621,Democratic,34,50,Vermont,54.750402576489535
VT,2006,618,Democratic,27,50,Vermont,43.689320388349515
VT,2007,613,Democratic,21,50,Vermont,34.257748776508976
VT,2008,610,Democratic,22,50,Vermont,36.0655737704918
VT,2009,617,Democratic,24,50,Vermont,38.897893030794165
VT,2010,624,Democratic,17,50,Vermont,27.243589743589745
VT,2011,615,Democratic,9,50,Vermont,14.634146341463415
VT,2012,615,Democratic,14,50,Vermont,22.764227642276424
VT,2013,629,Democratic,13,50,Vermont,20.66772655007949
VT,2014,615,Democratic,15,50,Vermont,24.390243902439025
VT,2015,609,Democratic,8,50,Vermont,13.136288998357964
VT,2016,622,Democratic,25,50,Vermont,40.19292604501608
VT,2017,613,Democratic,31,50,Vermont,50.57096247960848
VT,2018,616,Democratic,45,50,Vermont,73.05194805194805
WA,1991,4989,Democratic,196,53,Washington,39.28643014632191
WA,1992,5138,Democratic,375,53,Washington,72.98559750875827
WA,1993,5224,Democratic,457,53,Washington,87.48085758039817
WA,1994,5259,Democratic,281,53,Washington,53.432211447043166
WA,1995,5424,Democratic,266,53,Washington,49.041297935103245
WA,1996,5620,Democratic,198,53,Washington,35.23131672597865
WA,1997,5735,Democratic,190,53,Washington,33.12990409764603
WA,1998,5729,Democratic,223,53,Washington,38.92476872054459
WA,1999,5698,Democratic,229,53,Washington,40.18954018954019
WA,2000,5863,Democratic,242,53,Washington,41.275797373358344
WA,2001,5920,Democratic,278,53,Washington,46.95945945945946
WA,2002,5988,Democratic,173,53,Washington,28.891115564462257
WA,2003,6078,Democratic,223,53,Washington,36.68970055939454
WA,2004,6116,Democratic,175,53,Washington,28.613472858077177
WA,2005,6237,Democratic,171,53,Washington,27.417027417027416
WA,2006,6310,Democratic,177,53,Washington,28.050713153724246
WA,2007,6503,Democratic,196,53,Washington,30.139935414424112
WA,2008,6526,Democratic,240,53,Washington,36.77597303095311
WA,2009,6697,Democratic,208,53,Washington,31.05868299238465
WA,2010,6713,Democratic,232,53,Washington,34.559809325189924
WA,2011,6812,Democratic,213,53,Washington,31.26834997064005
WA,2012,6856,Democratic,274,53,Washington,39.96499416569428
WA,2013,6877,Democratic,294,53,Washington,42.751199651010616
WA,2014,7079,Democratic,304,53,Washington,42.943918632575226
WA,2015,7193,Democratic,275,53,Washington,38.23161406923398
WA,2016,7289,Democratic,395,53,Washington,54.1912470846481
WA,2017,7425,Democratic,511,53,Washington,68.82154882154883
WA,2018,7555,Democratic,521,53,Washington,68.96095301125082
WI,1991,4952,Democratic,41,55,Wisconsin,8.279483037156703
WI,1992,5118,Democratic,67,55,Wisconsin,13.091051191871825
WI,1993,5033,Democratic,19,55,Wisconsin,3.775084442678323
WI,1994,5003,Democratic,40,55,Wisconsin,7.9952028782730356
WI,1995,5300,Democratic,45,55,Wisconsin,8.49056603773585
WI,1996,5205,Democratic,43,55,Wisconsin,8.261287223823247
WI,1997,5120,Democratic,50,55,Wisconsin,9.765625
WI,1998,5127,Democratic,0,55,Wisconsin,0
WI,1999,5429,Democratic,49,55,Wisconsin,9.025603241849327
WI,2000,5308,Democratic,47,55,Wisconsin,8.854559155990957
WI,2001,5323,Democratic,61,55,Wisconsin,11.459703174901371
WI,2002,5463,Democratic,34,55,Wisconsin,6.223686619073769
WI,2003,5412,Democratic,31,55,Wisconsin,5.728011825572801
WI,2004,5456,Democratic,38,55,Wisconsin,6.964809384164223
WI,2005,5440,Democratic,45,55,Wisconsin,8.272058823529411
WI,2006,5471,Democratic,85,55,Wisconsin,15.536464997258271
WI,2007,5458,Democratic,69,55,Wisconsin,12.641993404177354
WI,2008,5548,Democratic,95,55,Wisconsin,17.123287671232877
WI,2009,5545,Democratic,54,55,Wisconsin,9.738503155996394
WI,2010,5626,Democratic,93,55,Wisconsin,16.530394596516174
WI,2011,5676,Democratic,80,55,Wisconsin,14.094432699083862
WI,2012,5628,Democratic,70,55,Wisconsin,12.437810945273633
WI,2013,5615,Democratic,50,55,Wisconsin,8.904719501335707
WI,2014,5742,Democratic,53,55,Wisconsin,9.230233368164402
WI,2015,5736,Democratic,45,55,Wisconsin,7.845188284518828
WI,2016,5764,Republican,39,55,Wisconsin,6.766134628730049
WI,2017,5809,Republican,47,55,Wisconsin,8.090893441211913
WI,2018,5795,Republican,53,55,Wisconsin,9.1458153580673
WV,1991,1830,Democratic,0,54,West Virginia,0
WV,1992,1795,Democratic,0,54,West Virginia,0
WV,1993,1803,Democratic,0,54,West Virginia,0
WV,1994,1804,Democratic,0,54,West Virginia,0
WV,1995,1793,Democratic,0,54,West Virginia,0
WV,1996,1745,Democratic,4,54,West Virginia,2.292263610315186
WV,1997,1742,Democratic,3,54,West Virginia,1.7221584385763489
WV,1998,1748,Democratic,21,54,West Virginia,12.013729977116704
WV,1999,1734,Democratic,33,54,West Virginia,19.031141868512112
WV,2000,1773,Republican,74,54,West Virginia,41.73716864072194
WV,2001,1769,Republican,40,54,West Virginia,22.611644997173546
WV,2002,1747,Republican,42,54,West Virginia,24.041213508872353
WV,2003,1785,Republican,31,54,West Virginia,17.366946778711487
WV,2004,1791,Republican,45,54,West Virginia,25.12562814070352
WV,2005,1795,Republican,46,54,West Virginia,25.62674094707521
WV,2006,1810,Republican,35,54,West Virginia,19.337016574585636
WV,2007,1793,Republican,44,54,West Virginia,24.539877300613497
WV,2008,1796,Republican,46,54,West Virginia,25.612472160356347
WV,2009,1801,Republican,25,54,West Virginia,13.8811771238201
WV,2010,1816,Republican,33,54,West Virginia,18.17180616740088
WV,2011,1820,Republican,19,54,West Virginia,10.43956043956044
WV,2012,1803,Republican,27,54,West Virginia,14.975041597337771
WV,2013,1805,Republican,58,54,West Virginia,32.13296398891967
WV,2014,1822,Republican,29,54,West Virginia,15.916575192096598
WV,2015,1795,Republican,42,54,West Virginia,23.398328690807798
WV,2016,1808,Republican,41,54,West Virginia,22.67699115044248
WV,2017,1793,Republican,38,54,West Virginia,21.193530395984382
WV,2018,1762,Republican,95,54,West Virginia,53.91600454029512
WY,1991,470,Republican,0,56,Wyoming,0
WY,1992,475,Republican,1,56,Wyoming,2.1052631578947367
WY,1993,481,Republican,10,56,Wyoming,20.79002079002079
WY,1994,485,Republican,6,56,Wyoming,12.371134020618555
WY,1995,482,Republican,19,56,Wyoming,39.41908713692946
WY,1996,486,Republican,4,56,Wyoming,8.23045267489712
WY,1997,490,Republican,6,56,Wyoming,12.244897959183673
WY,1998,484,Republican,6,56,Wyoming,12.396694214876034
WY,1999,484,Republican,2,56,Wyoming,4.132231404958678
WY,2000,485,Republican,9,56,Wyoming,18.556701030927837
WY,2001,487,Republican,10,56,Wyoming,20.533880903490758
WY,2002,488,Republican,5,56,Wyoming,10.245901639344261
WY,2003,487,Republican,12,56,Wyoming,24.640657084188913
WY,2004,496,Republican,4,56,Wyoming,8.064516129032258
WY,2005,509,Republican,3,56,Wyoming,5.893909626719057
WY,2006,516,Republican,5,56,Wyoming,9.689922480620154
WY,2007,518,Republican,21,56,Wyoming,40.54054054054054
WY,2008,529,Republican,6,56,Wyoming,11.342155009451796
WY,2009,540,Republican,8,56,Wyoming,14.814814814814815
WY,2010,550,Republican,2,56,Wyoming,3.6363636363636362
WY,2011,562,Republican,2,56,Wyoming,3.558718861209964
WY,2012,577,Republican,2,56,Wyoming,3.4662045060658575
WY,2013,592,Republican,1,56,Wyoming,1.6891891891891893
WY,2014,572,Republican,0,56,Wyoming,0
WY,2015,574,Republican,2,56,Wyoming,3.484320557491289
WY,2016,571,Republican,3,56,Wyoming,5.253940455341506
WY,2017,560,Republican,4,56,Wyoming,7.142857142857142
WY,2018,565,Republican,0,56,Wyoming,0
