state,year,perc,id,color
AK,1991,NA,2,red
AK,1992,NA,2,red
AK,1993,42.10526315789473,2,red
AK,1994,15.202702702702704,2,red
AK,1995,12.698412698412698,2,red
AK,1996,13.698630136986301,2,red
AK,1997,15.625,2,red
AK,1998,NA,2,red
AK,1999,7.936507936507936,2,red
AK,2000,6.451612903225806,2,red
AK,2001,31.645569620253166,2,red
AK,2002,11.075949367088608,2,red
AK,2003,20.21772939346812,2,red
AK,2004,13.888888888888888,2,red
AK,2005,6.0882800608828,2,red
AK,2006,9.11854103343465,2,red
AK,2007,11.851851851851851,2,red
AK,2008,11.904761904761903,2,red
AK,2009,13.08139534883721,2,red
AK,2010,10.071942446043165,2,red
AK,2011,11.235955056179774,2,red
AK,2012,8.547008547008549,2,red
AK,2013,11.494252873563218,2,red
AK,2014,8.645533141210375,2,red
AK,2015,11.379800853485065,2,red
AK,2016,15.536723163841808,2,red
AK,2017,5.563282336578581,2,red
AK,2018,9.722222222222223,2,red
AL,1991,NA,1,red
AL,1992,0.946521533364884,1,red
AL,1993,1.199616122840691,1,red
AL,1994,NA,1,red
AL,1995,NA,1,red
AL,1996,NA,1,red
AL,1997,NA,1,red
AL,1998,NA,1,red
AL,1999,NA,1,red
AL,2000,NA,1,red
AL,2001,NA,1,red
AL,2002,0.4512635379061372,1,red
AL,2003,0.22639800769753224,1,red
AL,2004,0.6654835847382431,1,red
AL,2005,NA,1,red
AL,2006,NA,1,red
AL,2007,1.5330705212439772,1,red
AL,2008,2.3324851569126377,1,red
AL,2009,1.933404940923738,1,red
AL,2010,4.0279838880644485,1,red
AL,2011,17.418677859391394,1,red
AL,2012,1.2479201331114809,1,red
AL,2013,1.248179737882255,1,red
AL,2014,1.888772298006296,1,red
AL,2015,2.074688796680498,1,red
AL,2016,2.903961833644472,1,red
AL,2017,2.9160591543428453,1,red
AL,2018,0.4100881689563256,1,red
AR,1991,4.8979591836734695,5,red
AR,1992,15.428339423467316,5,blue
AR,1993,5.3696819496076005,5,blue
AR,1994,4.142502071251036,5,blue
AR,1995,2.764612954186414,5,blue
AR,1996,0.38372985418265543,5,blue
AR,1997,NA,5,blue
AR,1998,1.1723329425556857,5,blue
AR,1999,3.058103975535168,5,blue
AR,2000,1.1320754716981132,5,red
AR,2001,1.1320754716981132,5,red
AR,2002,NA,5,red
AR,2003,64.7940074906367,5,red
AR,2004,30.48108703635696,5,red
AR,2005,48.98403483309144,5,red
AR,2006,41.12081513828239,5,red
AR,2007,11.77310024973243,5,red
AR,2008,32.600992204110554,5,red
AR,2009,26.35277582572031,5,red
AR,2010,22.229940951719346,5,red
AR,2011,12.37538673083534,5,red
AR,2012,17.531797868683398,5,red
AR,2013,9.46704067321178,5,red
AR,2014,3.804911795226565,5,red
AR,2015,2.0332090816672315,5,red
AR,2016,4.080244814688882,5,red
AR,2017,8.216364258815474,5,red
AR,2018,7.898351648351648,5,red
AZ,1991,13.322231473771858,4,red
AZ,1992,44.66372370812776,4,red
AZ,1993,51.96102922807894,4,red
AZ,1994,48.543689320388346,4,red
AZ,1995,50.72630850818538,4,red
AZ,1996,52.23568742164647,4,blue
AZ,1997,71.07473616196425,4,blue
AZ,1998,57.90873746674852,4,blue
AZ,1999,49.831916155823606,4,blue
AZ,2000,54.23663385446825,4,red
AZ,2001,72.63831388784344,4,red
AZ,2002,44.432153392330385,4,red
AZ,2003,44.44044620367039,4,red
AZ,2004,39.04216553878189,4,red
AZ,2005,32.19917012448133,4,red
AZ,2006,27.014066496163682,4,red
AZ,2007,25.294579732914375,4,red
AZ,2008,28.335120232807473,4,red
AZ,2009,33.650891210817456,4,red
AZ,2010,36.725801431683784,4,red
AZ,2011,29.479150756071483,4,red
AZ,2012,26.498042758205358,4,red
AZ,2013,30.77158603796693,4,red
AZ,2014,39.80772119573381,4,red
AZ,2015,41.02259215219976,4,red
AZ,2016,31.549869148008142,4,red
AZ,2017,37.81693167168027,4,red
AZ,2018,23.33931777378815,4,red
CA,1991,0.16268098259313488,6,red
CA,1992,2.4289454591337813,6,blue
CA,1993,11.3856740694401,6,blue
CA,1994,11.178123717199785,6,blue
CA,1995,54.62486351583217,6,blue
CA,1996,63.51957901253676,6,blue
CA,1997,55.69242935790979,6,blue
CA,1998,52.53514357803677,6,blue
CA,1999,57.82524847945409,6,blue
CA,2000,57.33423824839919,6,blue
CA,2001,65.30208757341397,6,blue
CA,2002,46.994410858902704,6,blue
CA,2003,41.68908776799116,6,blue
CA,2004,38.9410712288941,6,blue
CA,2005,38.504464285714285,6,blue
CA,2006,35.86836283185841,6,blue
CA,2007,38.623886114712946,6,blue
CA,2008,37.721429156317384,6,blue
CA,2009,27.70671166512438,6,blue
CA,2010,29.32330827067669,6,blue
CA,2011,27.665460736326878,6,blue
CA,2012,24.002954209748893,6,blue
CA,2013,22.037846467924727,6,blue
CA,2014,19.62964878704805,6,blue
CA,2015,21.417056881860752,6,blue
CA,2016,23.784584727792964,6,blue
CA,2017,27.874742018498228,6,blue
CA,2018,27.458492975734355,6,blue
CO,1991,38.56583308225369,8,red
CO,1992,75.04312823461758,8,blue
CO,1993,49.943883277216614,8,blue
CO,1994,46.573875802997854,8,blue
CO,1995,39.282889533350904,8,blue
CO,1996,34.37580770224864,8,red
CO,1997,29.32925274164754,8,red
CO,1998,33.03076147251639,8,red
CO,1999,35.88793702245891,8,red
CO,2000,23.30410706045224,8,red
CO,2001,28.62335302135393,8,red
CO,2002,21.47651006711409,8,red
CO,2003,19.205002233139794,8,red
CO,2004,13.283152534868275,8,red
CO,2005,27.003672499459928,8,red
CO,2006,29.18490723368772,8,red
CO,2007,32.43021346469622,8,red
CO,2008,33.41483292583537,8,blue
CO,2009,41.85952908029785,8,blue
CO,2010,30.83083083083083,8,blue
CO,2011,37.08133971291866,8,blue
CO,2012,36.67766349699205,8,blue
CO,2013,24.32585329059023,8,blue
CO,2014,17.485119047619047,8,blue
CO,2015,19.74169741697417,8,blue
CO,2016,19.083969465648856,8,blue
CO,2017,13.931608467523068,8,blue
CO,2018,16.553406516814775,8,blue
CT,1991,20.652499251721043,9,red
CT,1992,19.254278728606355,9,blue
CT,1993,35.59374041116907,9,blue
CT,1994,21.303258145363408,9,blue
CT,1995,26.556776556776555,9,blue
CT,1996,34.12152050284346,9,blue
CT,1997,34.28398058252427,9,blue
CT,1998,33.89312977099237,9,blue
CT,1999,40.374488004681105,9,blue
CT,2000,46.35958395245171,9,blue
CT,2001,50.51698670605613,9,blue
CT,2002,41.4569144210838,9,blue
CT,2003,43.02019315188762,9,blue
CT,2004,34.41353599082306,9,blue
CT,2005,29.57220786678151,9,blue
CT,2006,36.73705525021695,9,blue
CT,2007,41.48660328435609,9,blue
CT,2008,52.14098456160792,9,blue
CT,2009,57.6036866359447,9,blue
CT,2010,41.51369669584863,9,blue
CT,2011,40.409789413773474,9,blue
CT,2012,42.365652544782485,9,blue
CT,2013,39.59307121253781,9,blue
CT,2014,34.9454850433324,9,blue
CT,2015,26.03583426651736,9,blue
CT,2016,30.27754415475189,9,blue
CT,2017,30.959752321981423,9,blue
CT,2018,24.025783767946088,9,blue
DE,1991,40.90267983074753,10,red
DE,1992,66.29055007052186,10,blue
DE,1993,46.413502109704645,10,blue
DE,1994,61.67400881057269,10,blue
DE,1995,63.113604488078536,10,blue
DE,1996,91.53005464480874,10,blue
DE,1997,77.4365821094793,10,blue
DE,1998,24.327784891165173,10,blue
DE,1999,48.177083333333336,10,blue
DE,2000,43.758043758043755,10,blue
DE,2001,21.518987341772153,10,blue
DE,2002,16.331658291457288,10,blue
DE,2003,24.44987775061125,10,blue
DE,2004,44.848484848484844,10,blue
DE,2005,58.19477434679335,10,blue
DE,2006,57.10955710955711,10,blue
DE,2007,56.91056910569105,10,blue
DE,2008,72.00929152148665,10,blue
DE,2009,41.90260475651189,10,blue
DE,2010,22.47191011235955,10,blue
DE,2011,17.738359201773836,10,blue
DE,2012,11.11111111111111,10,blue
DE,2013,14.254385964912279,10,blue
DE,2014,13.993541442411194,10,blue
DE,2015,11.482254697286013,10,blue
DE,2016,15.83949313621964,10,blue
DE,2017,29.989658738366078,10,blue
DE,2018,21.51639344262295,10,blue
FL,1991,NA,12,red
FL,1992,24.281755869913955,12,red
FL,1993,16.928743448080464,12,red
FL,1994,15.009117688315332,12,red
FL,1995,11.463721515448064,12,red
FL,1996,13.037718747821238,12,blue
FL,1997,8.84770795597046,12,blue
FL,1998,12.23596964932668,12,blue
FL,1999,17.152768855197223,12,blue
FL,2000,15.008442248764931,12,red
FL,2001,18.50943858788919,12,red
FL,2002,15.679336221096944,12,red
FL,2003,13.681592039800995,12,red
FL,2004,15.729950054538147,12,red
FL,2005,12.944802465676661,12,red
FL,2006,11.980697764712408,12,red
FL,2007,9.199733983595655,12,red
FL,2008,8.489623793141716,12,blue
FL,2009,7.070981778623879,12,blue
FL,2010,7.249853403699558,12,blue
FL,2011,6.478457811018646,12,blue
FL,2012,7.513304810602108,12,blue
FL,2013,6.114479498509916,12,blue
FL,2014,3.300497613486341,12,blue
FL,2015,3.5872652085097902,12,blue
FL,2016,5.359579029428962,12,red
FL,2017,6.934812760055479,12,red
FL,2018,6.771795236065729,12,red
GA,1991,3.671189146049481,13,red
GA,1992,9.903961584633853,13,blue
GA,1993,10.989010989010989,13,blue
GA,1994,7.06371191135734,13,blue
GA,1995,6.747452492426329,13,blue
GA,1996,3.7889039242219216,13,red
GA,1997,5.896999082689032,13,red
GA,1998,4.453759496987163,13,red
GA,1999,4.570267868477847,13,red
GA,2000,4.314595660749507,13,red
GA,2001,4.720978089819634,13,red
GA,2002,3.6847735647212647,13,red
GA,2003,2.687229816567356,13,red
GA,2004,3.3333333333333335,13,red
GA,2005,1.8859551808298203,13,red
GA,2006,1.392757660167131,13,red
GA,2007,1.3704406493780308,13,red
GA,2008,1.2577297977151243,13,red
GA,2009,1.139070104587346,13,red
GA,2010,1.761658031088083,13,red
GA,2011,1.7560169403987191,13,red
GA,2012,2.1727884117951373,13,red
GA,2013,5.787977254264825,13,red
GA,2014,4.121431443506233,13,red
GA,2015,4.356435643564357,13,red
GA,2016,3.7974683544303796,13,red
GA,2017,2.6390382171830713,13,red
GA,2018,3.5498416962486807,13,red
HI,1991,NA,15,blue
HI,1992,NA,15,blue
HI,1993,NA,15,blue
HI,1994,NA,15,blue
HI,1995,NA,15,blue
HI,1996,NA,15,blue
HI,1997,NA,15,blue
HI,1998,NA,15,blue
HI,1999,NA,15,blue
HI,2000,NA,15,blue
HI,2001,NA,15,blue
HI,2002,NA,15,blue
HI,2003,NA,15,blue
HI,2004,NA,15,blue
HI,2005,NA,15,blue
HI,2006,NA,15,blue
HI,2007,NA,15,blue
HI,2008,NA,15,blue
HI,2009,NA,15,blue
HI,2010,NA,15,blue
HI,2011,NA,15,blue
HI,2012,NA,15,blue
HI,2013,NA,15,blue
HI,2014,NA,15,blue
HI,2015,NA,15,blue
HI,2016,NA,15,blue
HI,2017,NA,15,blue
HI,2018,31.58650394831299,15,blue
IA,1991,31.549096065225093,19,blue
IA,1992,12.649332396345748,19,blue
IA,1993,13.883944464222143,19,blue
IA,1994,21.669626998223798,19,blue
IA,1995,10.020732550103663,19,blue
IA,1996,14.837819185645271,19,blue
IA,1997,19.50354609929078,19,blue
IA,1998,14.820042342978123,19,blue
IA,1999,10.854341736694677,19,blue
IA,2000,11.896431070678798,19,blue
IA,2001,11.19664100769769,19,blue
IA,2002,16.212487064505,19,blue
IA,2003,13.031550068587105,19,blue
IA,2004,9.307135470527404,19,red
IA,2005,10.682288077188147,19,red
IA,2006,9.955372468245795,19,red
IA,2007,9.443507588532885,19,red
IA,2008,11.051574012056262,19,blue
IA,2009,5.691329092735186,19,blue
IA,2010,5.710446758481694,19,blue
IA,2011,4.955401387512389,19,blue
IA,2012,2.6578073089700998,19,blue
IA,2013,3.250975292587776,19,blue
IA,2014,3.5737491877842755,19,blue
IA,2015,1.935483870967742,19,blue
IA,2016,5.485640529202969,19,red
IA,2017,3.275466754012447,19,red
IA,2018,4.82315112540193,19,red
ID,1991,31.884057971014492,16,red
ID,1992,49.31506849315068,16,red
ID,1993,61.135371179039296,16,red
ID,1994,70.29876977152901,16,red
ID,1995,98.78682842287695,16,red
ID,1996,60.75949367088607,16,red
ID,1997,36.77058353317346,16,red
ID,1998,43.99057344854674,16,red
ID,1999,27.41935483870968,16,red
ID,2000,35.6865787432118,16,red
ID,2001,25.8751902587519,16,red
ID,2002,33.17901234567901,16,red
ID,2003,14.749262536873156,16,red
ID,2004,26.96793002915452,16,red
ID,2005,19.43095072866065,16,red
ID,2006,14.945652173913045,16,red
ID,2007,25.31645569620253,16,red
ID,2008,19.801980198019802,16,red
ID,2009,22.965879265091864,16,red
ID,2010,18.14646791963707,16,red
ID,2011,23.506988564167727,16,red
ID,2012,22.04030226700252,16,red
ID,2013,19.87577639751553,16,red
ID,2014,16.1892901618929,16,red
ID,2015,20.51901025950513,16,red
ID,2016,16.081000595592617,16,red
ID,2017,24.85549132947977,16,red
ID,2018,13.590033975084937,16,red
IL,1991,13.220338983050848,17,red
IL,1992,22.45206861755802,17,blue
IL,1993,63.53944562899787,17,blue
IL,1994,20.240514905149052,17,blue
IL,1995,12.413910381770258,17,blue
IL,1996,29.46655376799323,17,blue
IL,1997,28.09780356402818,17,blue
IL,1998,22.603019175846594,17,blue
IL,1999,20.16655780535598,17,blue
IL,2000,14.91564104654006,17,blue
IL,2001,22.900763358778626,17,blue
IL,2002,12.645058023209284,17,blue
IL,2003,16.487000634115407,17,blue
IL,2004,14.964578524237842,17,blue
IL,2005,13.364091957680376,17,blue
IL,2006,12.348610781287105,17,blue
IL,2007,13.170347003154575,17,blue
IL,2008,9.458500827618822,17,blue
IL,2009,10.1105102280743,17,blue
IL,2010,7.352941176470588,17,blue
IL,2011,5.4343545719461295,17,blue
IL,2012,6.678714543883083,17,blue
IL,2013,8.455824245297931,17,blue
IL,2014,8.532957570064193,17,blue
IL,2015,7.09611290704092,17,blue
IL,2016,8.821425733132005,17,blue
IL,2017,6.747638326585696,17,blue
IL,2018,8.578918103105886,17,blue
IN,1991,NA,18,red
IN,1992,3.5574528637495555,18,red
IN,1993,14.258389845244304,18,red
IN,1994,5.362828892240657,18,red
IN,1995,6.169575180680416,18,red
IN,1996,6.336912515402218,18,red
IN,1997,10.600102581637888,18,red
IN,1998,8.576329331046313,18,red
IN,1999,18.938112952316537,18,red
IN,2000,18.977859164308306,18,red
IN,2001,23.0514096185738,18,red
IN,2002,12.816299704239238,18,red
IN,2003,10.603588907014682,18,red
IN,2004,13.396503839241955,18,red
IN,2005,8.807698580981896,18,red
IN,2006,6.315124723713294,18,red
IN,2007,6.55161393416427,18,red
IN,2008,9.701017811704835,18,blue
IN,2009,8.672343109429203,18,blue
IN,2010,14.710485133020343,18,blue
IN,2011,15.920554854981086,18,blue
IN,2012,5.833201954910925,18,red
IN,2013,11.438157694067408,18,red
IN,2014,7.882534775888718,18,red
IN,2015,9.689326361119655,18,red
IN,2016,12.166949022023717,18,red
IN,2017,14.84996938150643,18,red
IN,2018,15.34487997569128,18,red
KS,1991,2.3255813953488373,20,red
KS,1992,1.195219123505976,20,red
KS,1993,NA,20,red
KS,1994,NA,20,red
KS,1995,NA,20,red
KS,1996,10.899182561307901,20,red
KS,1997,21.293070073557878,20,red
KS,1998,20.650095602294453,20,red
KS,1999,15.738963531669866,20,red
KS,2000,28.312570781426952,20,red
KS,2001,31.119544592030362,20,red
KS,2002,20.887728459530027,20,red
KS,2003,18.310911808669655,20,red
KS,2004,18.358935931060323,20,red
KS,2005,27.107315261789825,20,red
KS,2006,40.82383229128356,20,red
KS,2007,40.80882352941177,20,red
KS,2008,42.34167893961708,20,red
KS,2009,44.574351479722324,20,red
KS,2010,20.968908170643527,20,red
KS,2011,24.58140363377271,20,red
KS,2012,29.7029702970297,20,red
KS,2013,24.637681159420293,20,red
KS,2014,26.30655910206945,20,red
KS,2015,21.76202176202176,20,red
KS,2016,18.18817768450507,20,red
KS,2017,26.84797768479777,20,red
KS,2018,26.102292768959437,20,red
KY,1991,NA,21,red
KY,1992,1.3440860215053765,21,blue
KY,1993,3.4759358288770055,21,blue
KY,1994,1.0408534998698933,21,blue
KY,1995,20.89783281733746,21,blue
KY,1996,28.114521537271084,21,blue
KY,1997,12.266802964477383,21,blue
KY,1998,12.435233160621761,21,blue
KY,1999,18.398548846851515,21,blue
KY,2000,19.023779724655817,21,red
KY,2001,20.80721985460015,21,red
KY,2002,19.588395735184726,21,red
KY,2003,19.75609756097561,21,red
KY,2004,17.453294001966565,21,red
KY,2005,11.360829834527044,21,red
KY,2006,16.07403799318071,21,red
KY,2007,11.661113755354593,21,red
KY,2008,18.605746585021198,21,red
KY,2009,35.78110383536015,21,red
KY,2010,40.5152224824356,21,red
KY,2011,36.49465364946536,21,red
KY,2012,46.98295716259788,21,red
KY,2013,38.21373028215952,21,red
KY,2014,38.38101884159107,21,red
KY,2015,43.069873997709045,21,red
KY,2016,48.8250057038558,21,red
KY,2017,86.46188850967009,21,red
KY,2018,54.6681664791901,21,red
LA,1991,NA,22,red
LA,1992,3.0545112781954886,22,blue
LA,1993,5.416862929816298,22,blue
LA,1994,2.068490002298322,22,blue
LA,1995,1.625638643752903,22,blue
LA,1996,1.4074595355383532,22,blue
LA,1997,0.9431737797689225,22,blue
LA,1998,2.3228803716608595,22,blue
LA,1999,1.3989274889251575,22,blue
LA,2000,2.756086357372531,22,red
LA,2001,2.2872827081427265,22,red
LA,2002,3.374578177727784,22,red
LA,2003,1.3568521031207597,22,red
LA,2004,5.431093007467752,22,red
LA,2005,4.16054821341165,22,red
LA,2006,5.230622919638612,22,red
LA,2007,7.405637840420449,22,red
LA,2008,15.487748497457236,22,red
LA,2009,2.9213483146067416,22,red
LA,2010,2.942507922136713,22,red
LA,2011,1.1125945705384956,22,red
LA,2012,0.8958566629339306,22,red
LA,2013,5.2933392148213505,22,red
LA,2014,1.978021978021978,22,red
LA,2015,8.697542944118286,22,red
LA,2016,5.685545593702165,22,red
LA,2017,9.26130099228225,22,red
LA,2018,10.42128603104213,22,red
MA,1991,34.46493193175944,25,blue
MA,1992,72.5654629471162,25,blue
MA,1993,57.25254548489401,25,blue
MA,1994,NA,25,blue
MA,1995,54.90519373454246,25,blue
MA,1996,74.14634146341463,25,blue
MA,1997,74.1111667501252,25,blue
MA,1998,72.62295081967213,25,blue
MA,1999,71.54263813478121,25,blue
MA,2000,74.79312539783578,25,blue
MA,2001,93.77975245953665,25,blue
MA,2002,66.00711083629618,25,blue
MA,2003,63.08006921503854,25,blue
MA,2004,56.26276913405626,25,blue
MA,2005,59.19594808483698,25,blue
MA,2006,60.72106261859582,25,blue
MA,2007,55.71338383838384,25,blue
MA,2008,52.33644859813084,25,blue
MA,2009,47.86350596406462,25,blue
MA,2010,48.37721984078383,25,blue
MA,2011,56.493705864292295,25,blue
MA,2012,44.1669204995431,25,blue
MA,2013,52.11581291759466,25,blue
MA,2014,56.51585750789118,25,blue
MA,2015,61.384093256603215,25,blue
MA,2016,58.8929889298893,25,blue
MA,2017,63.679245283018865,25,blue
MA,2018,51.14049106494261,25,blue
MD,1991,90.41325781413887,24,red
MD,1992,99.47432268499797,24,blue
MD,1993,82.23350253807106,24,blue
MD,1994,65.60951437066402,24,blue
MD,1995,68.77069939606469,24,blue
MD,1996,76.10619469026548,24,blue
MD,1997,64.04917707713663,24,blue
MD,1998,56.24252094136418,24,blue
MD,1999,45.55357496533967,24,blue
MD,2000,41.5951154359855,24,blue
MD,2001,45.12974802557353,24,blue
MD,2002,40.044288614135446,24,blue
MD,2003,45.21422060164084,24,blue
MD,2004,44.231810796172596,24,blue
MD,2005,35.07194244604316,24,blue
MD,2006,37.80988050650972,24,blue
MD,2007,27.158273381294965,24,blue
MD,2008,18.08972503617945,24,blue
MD,2009,18.014835747085833,24,blue
MD,2010,13.8264777048047,24,blue
MD,2011,8.43954529796762,24,blue
MD,2012,5.940257976917855,24,blue
MD,2013,8.577194752774973,24,blue
MD,2014,2.696326255476913,24,blue
MD,2015,6.958587915818058,24,blue
MD,2016,6.57672849915683,24,blue
MD,2017,17.065417433495064,24,blue
MD,2018,8.457711442786069,24,blue
ME,1991,NA,23,red
ME,1992,15.334947538337369,23,blue
ME,1993,25.078369905956112,23,blue
ME,1994,5.828476269775187,23,blue
ME,1995,61.224489795918366,23,blue
ME,1996,48.21280133000831,23,blue
ME,1997,46.64484451718494,23,blue
ME,1998,45.13064133016627,23,blue
ME,1999,17.460317460317462,23,blue
ME,2000,22.099447513812155,23,blue
ME,2001,25.05873140172279,23,blue
ME,2002,28.458498023715414,23,blue
ME,2003,60.203283815480845,23,blue
ME,2004,52.713178294573645,23,blue
ME,2005,43.37899543378995,23,blue
ME,2006,43.41203351104341,23,blue
ME,2007,54.8780487804878,23,blue
ME,2008,47.83599088838269,23,blue
ME,2009,38.55050115651504,23,blue
ME,2010,46.99537750385208,23,blue
ME,2011,41.415662650602414,23,blue
ME,2012,39.097744360902254,23,blue
ME,2013,18.796992481203006,23,blue
ME,2014,21.538461538461537,23,blue
ME,2015,28.358208955223883,23,blue
ME,2016,31.131359149582387,23,blue
ME,2017,24.334600760456272,23,blue
ME,2018,15.14004542013626,23,blue
MI,1991,NA,26,red
MI,1992,13.087320317528427,26,blue
MI,1993,25.94142259414226,26,blue
MI,1994,26.47336905137094,26,blue
MI,1995,42.23306008093805,26,blue
MI,1996,53.69828666945257,26,blue
MI,1997,47.32699580905653,26,blue
MI,1998,39.15301638034359,26,blue
MI,1999,40.98686828491842,26,blue
MI,2000,43.106083766432285,26,blue
MI,2001,44.73684210526316,26,blue
MI,2002,42.53814287157725,26,blue
MI,2003,42.555342161124024,26,blue
MI,2004,56.24308280511118,26,blue
MI,2005,60.9193095142513,26,blue
MI,2006,61.68994273083492,26,blue
MI,2007,64.11936687166045,26,blue
MI,2008,58.841525596573526,26,blue
MI,2009,32.152699806063076,26,blue
MI,2010,31.176289611321916,26,blue
MI,2011,39.01331406749923,26,blue
MI,2012,65.15260507655945,26,blue
MI,2013,33.055390113162595,26,blue
MI,2014,32.346103305367436,26,blue
MI,2015,31.36419001218027,26,blue
MI,2016,41.11392405063291,26,red
MI,2017,45.67963617988884,26,red
MI,2018,44.08352668213457,26,red
MN,1991,51.32299270072993,27,blue
MN,1992,NA,27,blue
MN,1993,NA,27,blue
MN,1994,NA,27,blue
MN,1995,61.581676750216076,27,blue
MN,1996,57.14285714285714,27,blue
MN,1997,45.07160909856782,27,blue
MN,1998,51.50571131879543,27,blue
MN,1999,46.42563681183237,27,blue
MN,2000,34.56032719836401,27,blue
MN,2001,42.36252545824847,27,blue
MN,2002,40.24583663758922,27,blue
MN,2003,42.364532019704434,27,blue
MN,2004,46.6796875,27,blue
MN,2005,40.28945824369254,27,blue
MN,2006,26.62779397473275,27,blue
MN,2007,30.262143407864304,27,blue
MN,2008,32.03125,27,blue
MN,2009,29.423076923076923,27,blue
MN,2010,24.34349242859881,27,blue
MN,2011,28.051554207733133,27,blue
MN,2012,13.450401643937978,27,blue
MN,2013,26.9209197980931,27,blue
MN,2014,18.09119438803766,27,blue
MN,2015,19.970685232685966,27,blue
MN,2016,21.915285451197054,27,blue
MN,2017,25.62733582487987,27,blue
MN,2018,21.928297946397496,27,blue
MO,1991,27.23813338674144,29,red
MO,1992,31.21295930462268,29,blue
MO,1993,32.208293153326906,29,blue
MO,1994,27.413354219698455,29,blue
MO,1995,26.264591439688715,29,blue
MO,1996,28.473804100227788,29,blue
MO,1997,29.727187206020695,29,blue
MO,1998,22.226338210779772,29,blue
MO,1999,15.242242787152968,29,blue
MO,2000,12.68805510241073,29,red
MO,2001,16.50643932523127,29,red
MO,2002,11.64665830496327,29,red
MO,2003,9.810916874777025,29,red
MO,2004,12.658227848101266,29,red
MO,2005,13.69141653501843,29,red
MO,2006,14.145247541831981,29,red
MO,2007,19.71295175514439,29,red
MO,2008,16.891315475174885,29,red
MO,2009,20.962602716753313,29,red
MO,2010,23.950075898127846,29,red
MO,2011,20.53632043448744,29,red
MO,2012,17.461383478844862,29,red
MO,2013,17.632241813602015,29,red
MO,2014,12.773109243697478,29,red
MO,2015,16.818028927009756,29,red
MO,2016,15.14120449132358,29,red
MO,2017,17.36806947227789,29,red
MO,2018,12.280119482243611,29,red
MS,1991,0.3729951510630362,28,red
MS,1992,NA,28,red
MS,1993,NA,28,red
MS,1994,2.3192887514495553,28,red
MS,1995,2.2346368715083798,28,red
MS,1996,1.0725777618877368,28,red
MS,1997,NA,28,red
MS,1998,1.0877447425670776,28,red
MS,1999,0.7259528130671505,28,red
MS,2000,0.7158196134574087,28,red
MS,2001,1.0737294201861132,28,red
MS,2002,1.0771992818671454,28,red
MS,2003,0.350754121360926,28,red
MS,2004,0.6988120195667366,28,red
MS,2005,NA,28,red
MS,2006,NA,28,red
MS,2007,NA,28,red
MS,2008,1.379310344827586,28,red
MS,2009,0.7024938531787847,28,red
MS,2010,3.767123287671233,28,red
MS,2011,0.34106412005457026,28,red
MS,2012,6.221914967162116,28,red
MS,2013,1.381692573402418,28,red
MS,2014,0.6754474839581223,28,red
MS,2015,NA,28,red
MS,2016,6.795786612300374,28,red
MS,2017,16.621438263229308,28,red
MS,2018,3.449465332873405,28,red
MT,1991,NA,30,red
MT,1992,NA,30,blue
MT,1993,24.705882352941174,30,blue
MT,1994,NA,30,blue
MT,1995,12.64367816091954,30,blue
MT,1996,11.013215859030838,30,red
MT,1997,16.816143497757846,30,red
MT,1998,23.86117136659436,30,red
MT,1999,31.425364758698095,30,red
MT,2000,21.396396396396398,30,red
MT,2001,14.590347923681257,30,red
MT,2002,14.412416851441241,30,red
MT,2003,5.46448087431694,30,red
MT,2004,55.06607929515418,30,red
MT,2005,70.19438444924405,30,red
MT,2006,25.806451612903224,30,red
MT,2007,22.388059701492537,30,red
MT,2008,28.77697841726619,30,red
MT,2009,28.836251287332647,30,red
MT,2010,31.664964249233915,30,red
MT,2011,23.32657200811359,30,red
MT,2012,36.03603603603604,30,red
MT,2013,36.734693877551024,30,red
MT,2014,34.72222222222222,30,red
MT,2015,44.20432220039293,30,red
MT,2016,20.368574199806012,30,red
MT,2017,20.172910662824208,30,red
MT,2018,10.566762728146013,30,red
NC,1991,NA,37,red
NC,1992,0.1467782181124321,37,red
NC,1993,1.4854426619132501,37,red
NC,1994,1.0152284263959392,37,red
NC,1995,7.4981975486661865,37,red
NC,1996,4.687069203198235,37,red
NC,1997,5.718175629680054,37,red
NC,1998,5.26173772261198,37,red
NC,1999,3.991758949266031,37,red
NC,2000,4.885381435550545,37,red
NC,2001,10.390895596239485,37,red
NC,2002,7.611097471151486,37,red
NC,2003,9.36397908305971,37,red
NC,2004,7.956299726873293,37,red
NC,2005,10.42398688217381,37,red
NC,2006,11.303266644060132,37,red
NC,2007,8.178844056706653,37,red
NC,2008,13.428633311674247,37,blue
NC,2009,11.03256212510711,37,blue
NC,2010,10.043808099155893,37,blue
NC,2011,11.784511784511785,37,blue
NC,2012,12.352086360805481,37,red
NC,2013,12.200165425971878,37,red
NC,2014,14.252265092130713,37,red
NC,2015,16.284009305148174,37,red
NC,2016,14.7175815433572,37,red
NC,2017,16.121200349616394,37,red
NC,2018,13.598225479795543,37,red
ND,1991,NA,38,red
ND,1992,1.6233766233766236,38,red
ND,1993,1.6,38,red
ND,1994,7.974481658692184,38,red
ND,1995,4.724409448818897,38,red
ND,1996,3.1847133757961785,38,red
ND,1997,3.134796238244514,38,red
ND,1998,3.105590062111801,38,red
ND,1999,3.2206119162640903,38,red
ND,2000,8.038585209003214,38,red
ND,2001,25.806451612903224,38,red
ND,2002,28.481012658227847,38,red
ND,2003,15.847860538827259,38,red
ND,2004,15.948963317384369,38,red
ND,2005,19.2,38,red
ND,2006,26.016260162601625,38,red
ND,2007,22.80130293159609,38,red
ND,2008,25.6,38,red
ND,2009,22.151898734177216,38,red
ND,2010,12.251148545176111,38,red
ND,2011,40,38,red
ND,2012,60.69364161849711,38,red
ND,2013,71.2290502793296,38,red
ND,2014,56.087551299589606,38,red
ND,2015,47.182175622542594,38,red
ND,2016,17.356475300400533,38,red
ND,2017,20.27027027027027,38,red
ND,2018,13.422818791946309,38,red
NE,1991,NA,31,red
NE,1992,NA,31,red
NE,1993,NA,31,red
NE,1994,NA,31,red
NE,1995,NA,31,red
NE,1996,1.800720288115246,31,red
NE,1997,1.8094089264173703,31,red
NE,1998,30.356100408639815,31,red
NE,1999,20.7961972667855,31,red
NE,2000,10.12507444907683,31,red
NE,2001,32.14285714285714,31,red
NE,2002,32.94117647058824,31,red
NE,2003,25.507246376811594,31,red
NE,2004,34.222737819025525,31,red
NE,2005,40.34090909090909,31,red
NE,2006,31.72804532577904,31,red
NE,2007,25.69960022844089,31,red
NE,2008,56.36978579481398,31,red
NE,2009,43.869516310461194,31,red
NE,2010,33.813747228381374,31,red
NE,2011,19.747668678003294,31,red
NE,2012,4.86749594375338,31,red
NE,2013,17.665952890792294,31,red
NE,2014,25.093432995194874,31,red
NE,2015,10.22604951560818,31,red
NE,2016,16.577540106951872,31,red
NE,2017,21.299254526091588,31,red
NE,2018,20.073956682514527,31,red
NH,1991,NA,33,red
NH,1992,NA,33,blue
NH,1993,NA,33,blue
NH,1994,2.6525198938992043,33,blue
NH,1995,21.071115013169447,33,blue
NH,1996,0.8756567425569177,33,blue
NH,1997,NA,33,blue
NH,1998,13.157894736842104,33,blue
NH,1999,15.936254980079681,33,blue
NH,2000,25.995125913891144,33,red
NH,2001,21.5311004784689,33,red
NH,2002,23.734177215189874,33,red
NH,2003,25.33650039588282,33,red
NH,2004,37.955073586367156,33,blue
NH,2005,25.423728813559325,33,blue
NH,2006,29.051987767584098,33,blue
NH,2007,36.58536585365854,33,blue
NH,2008,34.61538461538462,33,blue
NH,2009,19.801980198019802,33,blue
NH,2010,23.956723338485315,33,blue
NH,2011,16.923076923076923,33,blue
NH,2012,22.93577981651376,33,blue
NH,2013,17.678708685626443,33,blue
NH,2014,11.380880121396054,33,blue
NH,2015,10.054137664346483,33,blue
NH,2016,22.03647416413374,33,blue
NH,2017,10.502625656414104,33,blue
NH,2018,9.636767976278726,33,blue
NJ,1991,115.5635987590486,34,red
NJ,1992,142.63744713571703,34,blue
NJ,1993,138.05220883534136,34,blue
NJ,1994,113.0050505050505,34,blue
NJ,1995,97.4742987688793,34,blue
NJ,1996,106.77017052685162,34,blue
NJ,1997,87.1093259696247,34,blue
NJ,1998,93.78097125867195,34,blue
NJ,1999,74.95140913508261,34,blue
NJ,2000,77.76717557251908,34,blue
NJ,2001,90.70482497634816,34,blue
NJ,2002,66.3948747815958,34,blue
NJ,2003,69.27921623512947,34,blue
NJ,2004,88.88118354137772,34,blue
NJ,2005,84.90566037735849,34,blue
NJ,2006,87.861271676300575,34,blue
NJ,2007,87.50584932147872,34,blue
NJ,2008,87.37522019964767,34,blue
NJ,2009,63.394919168591215,34,blue
NJ,2010,62.1779457231192,34,blue
NJ,2011,58.78268919231659,34,blue
NJ,2012,57.912844036697244,34,blue
NJ,2013,47.43354720439964,34,blue
NJ,2014,37.59230252852987,34,blue
NJ,2015,36.92927484333035,34,blue
NJ,2016,31.914893617021274,34,blue
NJ,2017,55.90682196339434,34,blue
NJ,2018,64.73265073947668,34,blue
NM,1991,NA,35,red
NM,1992,NA,35,blue
NM,1993,2.4645717806531118,35,blue
NM,1994,7.121661721068249,35,blue
NM,1995,13.289036544850498,35,blue
NM,1996,23.82241472658365,35,blue
NM,1997,13.165112452002194,35,blue
NM,1998,17.004936917169502,35,blue
NM,1999,8.73839432004369,35,blue
NM,2000,8.379888268156424,35,blue
NM,2001,11.142061281337048,35,blue
NM,2002,8.165487207403375,35,blue
NM,2003,5.891805034815212,35,blue
NM,2004,11.58504476040021,35,red
NM,2005,9.287925696594426,35,red
NM,2006,10.31459515214028,35,red
NM,2007,7.212776919113859,35,red
NM,2008,4.552352048558422,35,blue
NM,2009,7.610350076103501,35,blue
NM,2010,11.805213969503196,35,blue
NM,2011,13.745704467353951,35,blue
NM,2012,0.9689922480620154,35,blue
NM,2013,5.772005772005772,35,blue
NM,2014,6.403940886699507,35,blue
NM,2015,6.385068762278978,35,blue
NM,2016,12.726382770435633,35,blue
NM,2017,3.43980343980344,35,blue
NM,2018,25.31645569620253,35,blue
NV,1991,12.934518997574777,32,red
NV,1992,16.999260901699927,32,blue
NV,1993,8.310249307479225,32,blue
NV,1994,10.519395134779751,32,blue
NV,1995,43.64569961489089,32,blue
NV,1996,26.92778457772338,32,blue
NV,1997,26.1172373766686,32,blue
NV,1998,32.520325203252035,32,blue
NV,1999,36.89129365469749,32,blue
NV,2000,41.56479217603912,32,red
NV,2001,44.152184124001884,32,red
NV,2002,29.3282876064333,32,red
NV,2003,43.26494201605709,32,red
NV,2004,33.9622641509434,32,red
NV,2005,31.467102574581123,32,red
NV,2006,49.40711462450593,32,red
NV,2007,24.551831644583007,32,red
NV,2008,36.41999225106548,32,blue
NV,2009,18.257892734880183,32,blue
NV,2010,25.222551928783382,32,blue
NV,2011,21.998508575689783,32,blue
NV,2012,33.272394881170015,32,blue
NV,2013,26.31578947368421,32,blue
NV,2014,8.513657325292657,32,blue
NV,2015,20.251396648044693,32,blue
NV,2016,13.94083645018701,32,blue
NV,2017,1.6784155756965424,32,blue
NV,2018,10.970744680851064,32,blue
NY,1991,52.6403929887239,36,blue
NY,1992,61.863699582753824,36,blue
NY,1993,51.267976726314636,36,blue
NY,1994,50.01921704277164,36,blue
NY,1995,46.281082265308356,36,blue
NY,1996,49.223221586263286,36,blue
NY,1997,47.119262000773354,36,blue
NY,1998,42.2427871529668,36,blue
NY,1999,31.291434632723416,36,blue
NY,2000,32.42320819112628,36,blue
NY,2001,37.90661768620561,36,blue
NY,2002,36.048689138576776,36,blue
NY,2003,31.86766726561674,36,blue
NY,2004,20.30510257759074,36,blue
NY,2005,26.217425638325874,36,blue
NY,2006,27.44335208453814,36,blue
NY,2007,26.181588770306504,36,blue
NY,2008,31.33253923041069,36,blue
NY,2009,33.45860737028917,36,blue
NY,2010,36.56622724419334,36,blue
NY,2011,28.195974959904806,36,blue
NY,2012,37.30956575810965,36,blue
NY,2013,31.80760279286268,36,blue
NY,2014,27.724081798758775,36,blue
NY,2015,25.451768897938408,36,blue
NY,2016,30.577110848450587,36,blue
NY,2017,28.071953382315684,36,blue
NY,2018,27.141601612986612,36,blue
OH,1991,7.232619112196004,39,red
OH,1992,9.395973154362416,39,blue
OH,1993,23.082386363636363,39,blue
OH,1994,32.04955561540533,39,blue
OH,1995,23.726696994023726,39,blue
OH,1996,20.792607073040696,39,blue
OH,1997,23.635390652871923,39,blue
OH,1998,22.67654673689849,39,blue
OH,1999,20.671834625322997,39,blue
OH,2000,22.8494623655914,39,red
OH,2001,32.47450348899624,39,red
OH,2002,23.549275748689237,39,red
OH,2003,21.73332145720139,39,red
OH,2004,31.441513455901944,39,red
OH,2005,16.887709991158268,39,red
OH,2006,26.998318137558645,39,red
OH,2007,27.127659574468087,39,red
OH,2008,31.178640435622693,39,blue
OH,2009,26.483698977362117,39,blue
OH,2010,21.77938453399171,39,blue
OH,2011,22.10628702803077,39,blue
OH,2012,23.16195823828742,39,blue
OH,2013,30.23049645390071,39,blue
OH,2014,36.59278574532812,39,blue
OH,2015,36.379536510712725,39,blue
OH,2016,41.16413214472994,39,red
OH,2017,33.67853102427988,39,red
OH,2018,31.872162067761092,39,red
OK,1991,31.200756381972898,40,red
OK,1992,44.96788008565311,40,red
OK,1993,18.340348767288035,40,red
OK,1994,6.188118811881188,40,red
OK,1995,11.548064918851436,40,red
OK,1996,24.820574162679428,40,red
OK,1997,12.345679012345679,40,red
OK,1998,17.533066748692708,40,red
OK,1999,12.727272727272728,40,red
OK,2000,23.682652457075193,40,red
OK,2001,13.641755634638196,40,red
OK,2002,12.669162107687876,40,red
OK,2003,11.078717201166182,40,red
OK,2004,14.80836236933798,40,red
OK,2005,11.761331038439472,40,red
OK,2006,14.617368873602752,40,red
OK,2007,8.448324415657561,40,red
OK,2008,15.211267605633802,40,red
OK,2009,16.519823788546255,40,red
OK,2010,13.253989721395726,40,red
OK,2011,7.972362476747276,40,red
OK,2012,5.675675675675675,40,red
OK,2013,11.631052204490127,40,red
OK,2014,8.315450643776824,40,red
OK,2015,9.518909184461023,40,red
OK,2016,8.949117872666838,40,red
OK,2017,7.597589730154572,40,red
OK,2018,8.035251425609125,40,red
OR,1991,99.76407145264577,41,blue
OR,1992,123.72490950970715,41,blue
OR,1993,77.02307442313942,41,blue
OR,1994,56.15482233502538,41,blue
OR,1995,47.38154613466334,41,blue
OR,1996,53.18491032776747,41,blue
OR,1997,31.973203410475026,41,blue
OR,1998,30.13126491646778,41,blue
OR,1999,35.954399298450745,41,blue
OR,2000,41.58125915080527,41,blue
OR,2001,64.42251886244922,41,blue
OR,2002,17.41364544675992,41,blue
OR,2003,28.93258426966292,41,blue
OR,2004,43.393057110862266,41,blue
OR,2005,38.13208068527218,41,blue
OR,2006,38.86639676113361,41,blue
OR,2007,44.93485775059825,41,blue
OR,2008,50.18392012611666,41,blue
OR,2009,34.28421879089243,41,blue
OR,2010,35.714285714285715,41,blue
OR,2011,33.76623376623376,41,blue
OR,2012,13.429752066115704,41,blue
OR,2013,17.132779037540942,41,blue
OR,2014,16.68773704171934,41,blue
OR,2015,21.84164805162571,41,blue
OR,2016,25.94568380213385,41,blue
OR,2017,35.221323179438365,41,blue
OR,2018,32.83796740172579,41,blue
PA,1991,22.803984522927472,42,red
PA,1992,0.08320852055250458,42,blue
PA,1993,32.386316574173776,42,blue
PA,1994,23.230550681039524,42,blue
PA,1995,23.605685312941567,42,blue
PA,1996,17.242829506266297,42,blue
PA,1997,13.692876344086022,42,blue
PA,1998,13.793103448275861,42,blue
PA,1999,15.65115500502176,42,blue
PA,2000,11.707074061773497,42,blue
PA,2001,11.665425663936462,42,blue
PA,2002,7.889546351084813,42,blue
PA,2003,9.723939019365472,42,blue
PA,2004,8.15351671882721,42,blue
PA,2005,6.537550053117594,42,blue
PA,2006,7.058250851857862,42,blue
PA,2007,6.343010490363503,42,blue
PA,2008,5.748070290688126,42,blue
PA,2009,2.9029916942182084,42,blue
PA,2010,4.549082202713488,42,blue
PA,2011,1.4964164763329921,42,blue
PA,2012,3.0006317119393557,42,blue
PA,2013,4.373633239612621,42,blue
PA,2014,4.27892234548336,42,blue
PA,2015,4.536771728748806,42,blue
PA,2016,5.428708286763532,42,red
PA,2017,6.0471037555697,42,red
PA,2018,5.271986580397795,42,red
RI,1991,NA,44,blue
RI,1992,50,44,blue
RI,1993,63.98348813209494,44,blue
RI,1994,38.22314049586777,44,blue
RI,1995,47.81704781704782,44,blue
RI,1996,42.5531914893617,44,blue
RI,1997,45.59915164369035,44,blue
RI,1998,30.05181347150259,44,blue
RI,1999,39.69022265246854,44,blue
RI,2000,46.3768115942029,44,blue
RI,2001,60.40268456375839,44,blue
RI,2002,36.018957345971565,44,blue
RI,2003,42.81636536631779,44,blue
RI,2004,27.488151658767773,44,blue
RI,2005,14.258555133079849,44,blue
RI,2006,18.026565464895636,44,blue
RI,2007,47.02495201535509,44,blue
RI,2008,33.58925143953935,44,blue
RI,2009,33.980582524271846,44,blue
RI,2010,19.193857965451055,44,blue
RI,2011,24.084778420038536,44,blue
RI,2012,11.60541586073501,44,blue
RI,2013,6.782945736434108,44,blue
RI,2014,4.780114722753346,44,blue
RI,2015,17.241379310344826,44,blue
RI,2016,11.406844106463879,44,blue
RI,2017,10.516252390057362,44,blue
RI,2018,12.548262548262548,44,blue
SC,1991,NA,45,red
SC,1992,1.0884353741496597,45,red
SC,1993,7.43801652892562,45,red
SC,1994,9.083402146985962,45,red
SC,1995,6.950013365410318,45,red
SC,1996,11.627906976744185,45,red
SC,1997,18.62050878573302,45,red
SC,1998,17.138405608932743,45,red
SC,1999,19.210526315789473,45,red
SC,2000,9.081735620585267,45,red
SC,2001,14.267834793491865,45,red
SC,2002,17.79894710453748,45,red
SC,2003,15.763546798029555,45,red
SC,2004,24.75728155339806,45,red
SC,2005,23.535062439961578,45,red
SC,2006,19.41287878787879,45,red
SC,2007,26.71232876712329,45,red
SC,2008,34.51367099955177,45,red
SC,2009,24.216840702066207,45,red
SC,2010,23.88779311856235,45,red
SC,2011,26.927252985884905,45,red
SC,2012,22.284122562674096,45,red
SC,2013,11.120615911035072,45,red
SC,2014,11.125104953820319,45,red
SC,2015,11.899791231732777,45,red
SC,2016,6.124948958758678,45,red
SC,2017,16.750756811301716,45,red
SC,2018,13.502779984114376,45,red
SD,1991,NA,46,red
SD,1992,NA,46,red
SD,1993,5.578800557880055,46,red
SD,1994,1.3568521031207597,46,red
SD,1995,7.012622720897616,46,red
SD,1996,4.279600570613409,46,red
SD,1997,48.0225988700565,46,red
SD,1998,26.76056338028169,46,red
SD,1999,19.746121297602258,46,red
SD,2000,12.211668928086839,46,red
SD,2001,6.784260515603799,46,red
SD,2002,5.383580080753701,46,red
SD,2003,13.35113484646195,46,red
SD,2004,9.320905459387484,46,red
SD,2005,11.76470588235294,46,red
SD,2006,114.28571428571428,46,red
SD,2007,47.013977128335455,46,red
SD,2008,55.415617128463474,46,red
SD,2009,52.56570713391739,46,red
SD,2010,63.82978723404255,46,red
SD,2011,27.22772277227723,46,red
SD,2012,36.4963503649635,46,red
SD,2013,25.39298669891173,46,red
SD,2014,21.27659574468085,46,red
SD,2015,18.867924528301884,46,red
SD,2016,21.052631578947366,46,red
SD,2017,17.241379310344826,46,red
SD,2018,23.446658851113718,46,red
TN,1991,0.20889910173386253,47,red
TN,1992,0.7942811755361397,47,blue
TN,1993,0.3927729772191674,47,blue
TN,1994,3.746721618583739,47,blue
TN,1995,4.577077993409008,47,blue
TN,1996,5.969609261939218,47,blue
TN,1997,10.296242774566474,47,blue
TN,1998,13.108277967319088,47,blue
TN,1999,23.464087408203476,47,blue
TN,2000,41.91829484902309,47,red
TN,2001,33.50970017636684,47,red
TN,2002,22.988505747126435,47,red
TN,2003,27.283511269276392,47,red
TN,2004,23.263770099213136,47,red
TN,2005,20.502306509482317,47,red
TN,2006,34.820824881676806,47,red
TN,2007,38.944109499755584,47,red
TN,2008,43.80983287360052,47,red
TN,2009,27.403846153846153,47,red
TN,2010,23.27790973871734,47,red
TN,2011,23.40290955091714,47,red
TN,2012,49.98442852693865,47,red
TN,2013,32.68494897959184,47,red
TN,2014,30.480295566502463,47,red
TN,2015,33.45950037850113,47,red
TN,2016,22.399278412507517,47,red
TN,2017,20.30153754291685,47,red
TN,2018,25.206301575393848,47,red
TX,1991,5.600094317377977,48,red
TX,1992,27.174822833547235,48,red
TX,1993,22.8840468630242,48,red
TX,1994,19.318302106488833,48,red
TX,1995,17.37647246948457,48,red
TX,1996,18.244370308590494,48,red
TX,1997,17.167817960178787,48,red
TX,1998,15.133993664839862,48,red
TX,1999,13.037227977990383,48,red
TX,2000,13.868084078279777,48,red
TX,2001,20.732287208749405,48,red
TX,2002,15.966855972442046,48,red
TX,2003,13.286296788381364,48,red
TX,2004,13.325556353194544,48,red
TX,2005,11.590639680379331,48,red
TX,2006,10.47052740434333,48,red
TX,2007,10.23126030524669,48,red
TX,2008,10.217589145362787,48,red
TX,2009,6.698603442676194,48,red
TX,2010,6.904761904761905,48,red
TX,2011,5.987320967363231,48,red
TX,2012,6.714499482024325,48,red
TX,2013,5.41964047173772,48,red
TX,2014,5.922926975558554,48,red
TX,2015,6.971820703752372,48,red
TX,2016,6.470971007157834,48,red
TX,2017,6.550373798504806,48,red
TX,2018,14.282205144401166,48,red
UT,1991,NA,49,red
UT,1992,6.557377049180328,49,red
UT,1993,23.6096537250787,49,red
UT,1994,48.28660436137071,49,red
UT,1995,53.52676338169084,49,red
UT,1996,29.52952952952953,49,red
UT,1997,24.940047961630697,49,red
UT,1998,31.81386514719848,49,red
UT,1999,26.89152233363719,49,red
UT,2000,33.49709691826708,49,red
UT,2001,29.242357111209568,49,red
UT,2002,23.39688041594454,49,red
UT,2003,25.57544757033248,49,red
UT,2004,25.10460251046025,49,red
UT,2005,16.263387544625147,49,red
UT,2006,14.589905362776024,49,red
UT,2007,21.50132025650698,49,red
UT,2008,14.524328249818447,49,red
UT,2009,17.537580529706517,49,red
UT,2010,22.760115606936417,49,red
UT,2011,24.53769559032717,49,red
UT,2012,35.8020358020358,49,red
UT,2013,26.00068422853233,49,red
UT,2014,18.784153005464482,49,red
UT,2015,15.645805592543278,49,red
UT,2016,21.774455638609034,49,red
UT,2017,15.015974440894569,49,red
UT,2018,15.127639457926252,49,red
VA,1991,8.7890625,51,red
VA,1992,16.343534689953533,51,red
VA,1993,15.45595054095827,51,red
VA,1994,14.35912938331318,51,red
VA,1995,8.005022759378434,51,red
VA,1996,15.429717636167258,51,red
VA,1997,15.562472209871054,51,red
VA,1998,23.656235963467584,51,red
VA,1999,30.88859610598741,51,red
VA,2000,46.43829726243371,51,red
VA,2001,50.42372881355932,51,red
VA,2002,40.939786156443446,51,red
VA,2003,38.68603230623049,51,red
VA,2004,42.068123218889944,51,red
VA,2005,39.371136791185165,51,red
VA,2006,45.27349973446628,51,red
VA,2007,38.55170617348268,51,red
VA,2008,34.51842275371688,51,blue
VA,2009,19.312475859405176,51,blue
VA,2010,22.329973204032154,51,blue
VA,2011,18.44185171245766,51,blue
VA,2012,17.262947210407805,51,blue
VA,2013,14.9453219927096,51,blue
VA,2014,14.896451495700617,51,blue
VA,2015,19.230769230769234,51,blue
VA,2016,15.558005635183143,51,blue
VA,2017,25.84324193157001,51,blue
VA,2018,17.872036220660075,51,blue
VT,1991,NA,50,red
VT,1992,NA,50,blue
VT,1993,1.7006802721088434,50,blue
VT,1994,20.37351443123939,50,blue
VT,1995,16.863406408094434,50,blue
VT,1996,6.825938566552901,50,blue
VT,1997,5.172413793103448,50,blue
VT,1998,21.95945945945946,50,blue
VT,1999,26.71118530884808,50,blue
VT,2000,31.719532554257093,50,blue
VT,2001,28.09917355371901,50,blue
VT,2002,29.22077922077922,50,blue
VT,2003,44.26229508196721,50,blue
VT,2004,45.45454545454545,50,blue
VT,2005,54.750402576489535,50,blue
VT,2006,43.689320388349515,50,blue
VT,2007,34.257748776508976,50,blue
VT,2008,36.0655737704918,50,blue
VT,2009,38.897893030794165,50,blue
VT,2010,27.243589743589745,50,blue
VT,2011,14.634146341463415,50,blue
VT,2012,22.764227642276424,50,blue
VT,2013,20.66772655007949,50,blue
VT,2014,24.390243902439025,50,blue
VT,2015,13.136288998357964,50,blue
VT,2016,40.19292604501608,50,blue
VT,2017,50.57096247960848,50,blue
VT,2018,73.05194805194805,50,blue
WA,1991,39.28643014632191,53,blue
WA,1992,72.98559750875827,53,blue
WA,1993,87.48085758039817,53,blue
WA,1994,53.432211447043166,53,blue
WA,1995,49.041297935103245,53,blue
WA,1996,35.23131672597865,53,blue
WA,1997,33.12990409764603,53,blue
WA,1998,38.92476872054459,53,blue
WA,1999,40.18954018954019,53,blue
WA,2000,41.275797373358344,53,blue
WA,2001,46.95945945945946,53,blue
WA,2002,28.891115564462257,53,blue
WA,2003,36.68970055939454,53,blue
WA,2004,28.613472858077177,53,blue
WA,2005,27.417027417027416,53,blue
WA,2006,28.050713153724246,53,blue
WA,2007,30.139935414424112,53,blue
WA,2008,36.77597303095311,53,blue
WA,2009,31.05868299238465,53,blue
WA,2010,34.559809325189924,53,blue
WA,2011,31.26834997064005,53,blue
WA,2012,39.96499416569428,53,blue
WA,2013,42.751199651010616,53,blue
WA,2014,42.943918632575226,53,blue
WA,2015,38.23161406923398,53,blue
WA,2016,54.1912470846481,53,blue
WA,2017,68.82154882154883,53,blue
WA,2018,68.96095301125082,53,blue
WI,1991,8.279483037156703,55,blue
WI,1992,13.091051191871825,55,blue
WI,1993,3.775084442678323,55,blue
WI,1994,7.9952028782730356,55,blue
WI,1995,8.49056603773585,55,blue
WI,1996,8.261287223823247,55,blue
WI,1997,9.765625,55,blue
WI,1998,NA,55,blue
WI,1999,9.025603241849327,55,blue
WI,2000,8.854559155990957,55,blue
WI,2001,11.459703174901371,55,blue
WI,2002,6.223686619073769,55,blue
WI,2003,5.728011825572801,55,blue
WI,2004,6.964809384164223,55,blue
WI,2005,8.272058823529411,55,blue
WI,2006,15.536464997258271,55,blue
WI,2007,12.641993404177354,55,blue
WI,2008,17.123287671232877,55,blue
WI,2009,9.738503155996394,55,blue
WI,2010,16.530394596516174,55,blue
WI,2011,14.094432699083862,55,blue
WI,2012,12.437810945273633,55,blue
WI,2013,8.904719501335707,55,blue
WI,2014,9.230233368164402,55,blue
WI,2015,7.845188284518828,55,blue
WI,2016,6.766134628730049,55,red
WI,2017,8.090893441211913,55,red
WI,2018,9.1458153580673,55,red
WV,1991,NA,54,blue
WV,1992,NA,54,blue
WV,1993,NA,54,blue
WV,1994,NA,54,blue
WV,1995,NA,54,blue
WV,1996,2.292263610315186,54,blue
WV,1997,1.7221584385763489,54,blue
WV,1998,12.013729977116704,54,blue
WV,1999,19.031141868512112,54,blue
WV,2000,41.73716864072194,54,red
WV,2001,22.611644997173546,54,red
WV,2002,24.041213508872353,54,red
WV,2003,17.366946778711487,54,red
WV,2004,25.12562814070352,54,red
WV,2005,25.62674094707521,54,red
WV,2006,19.337016574585636,54,red
WV,2007,24.539877300613497,54,red
WV,2008,25.612472160356347,54,red
WV,2009,13.8811771238201,54,red
WV,2010,18.17180616740088,54,red
WV,2011,10.43956043956044,54,red
WV,2012,14.975041597337771,54,red
WV,2013,32.13296398891967,54,red
WV,2014,15.916575192096598,54,red
WV,2015,23.398328690807798,54,red
WV,2016,22.67699115044248,54,red
WV,2017,21.193530395984382,54,red
WV,2018,53.91600454029512,54,red
WY,1991,NA,56,red
WY,1992,2.1052631578947367,56,red
WY,1993,20.79002079002079,56,red
WY,1994,12.371134020618555,56,red
WY,1995,39.41908713692946,56,red
WY,1996,8.23045267489712,56,red
WY,1997,12.244897959183673,56,red
WY,1998,12.396694214876034,56,red
WY,1999,4.132231404958678,56,red
WY,2000,18.556701030927837,56,red
WY,2001,20.533880903490758,56,red
WY,2002,10.245901639344261,56,red
WY,2003,24.640657084188913,56,red
WY,2004,8.064516129032258,56,red
WY,2005,5.893909626719057,56,red
WY,2006,9.689922480620154,56,red
WY,2007,40.54054054054054,56,red
WY,2008,11.342155009451796,56,red
WY,2009,14.814814814814815,56,red
WY,2010,3.6363636363636362,56,red
WY,2011,3.558718861209964,56,red
WY,2012,3.4662045060658575,56,red
WY,2013,1.6891891891891893,56,red
WY,2014,NA,56,red
WY,2015,3.484320557491289,56,red
WY,2016,5.253940455341506,56,red
WY,2017,7.142857142857142,56,red
WY,2018,NA,56,red
